50, - 0 to 5,5,3,4,5,1,2,1,3,1,1,2,3,3,2,4,1,1,1,2,1,5,4,5,5,5,2,2,1,4,1,3,3,1,2,2,1,2,4,5,1,3,3,2,1,1,5,1,3,2,3 
50, - 0 to 4000,1515,2033,1339,1500,1196,557,3466,3753,3641,431,2987,2703,3623,2822,1089,1531,2976,2471,1537,951,3605,3594,3470,3150,1910,2197,3367,1906,1919,3421,2623,3418,2101,1482,1837,1616,2962,859,2725,3211,93,3498,3367,3351,3646,2705,2166,2238,3792,2028 
50, - half sorted,0,1,2,3,4,5,6,44,30,9,10,21,12,13,20,15,16,17,24,19,14,11,22,23,18,25,26,27,28,29,8,31,32,33,34,42,36,37,38,39,40,41,35,43,7,45,46,47,48,49 
50, - reversed,50,50,48,47,46,46,44,43,42,41,39,39,38,37,37,37,33,32,31,31,28,26,25,23,23,22,21,21,20,19,18,17,17,16,16,16,15,12,11,10,9,7,6,5,5,3,3,1,1,1 
60, - 0 to 5,5,3,4,5,1,2,1,3,1,1,2,3,3,2,4,1,1,1,2,1,5,4,5,5,5,2,2,1,4,1,3,3,1,2,2,1,2,4,5,1,3,3,2,1,1,5,1,3,2,3,3,4,5,3,2,3,3,4,4,3 
60, - 0 to 4000,1515,2033,1339,1500,1196,557,3466,3753,3641,431,2987,2703,3623,2822,1089,1531,2976,2471,1537,951,3605,3594,3470,3150,1910,2197,3367,1906,1919,3421,2623,3418,2101,1482,1837,1616,2962,859,2725,3211,93,3498,3367,3351,3646,2705,2166,2238,3792,2028,3308,449,3160,1793,12,903,1813,3134,1144,1338 
60, - half sorted,0,1,2,3,4,5,6,7,10,9,8,41,12,13,50,15,16,17,18,19,20,21,22,23,58,25,26,44,28,29,30,31,32,33,34,52,36,37,38,39,40,11,42,43,27,45,46,47,56,49,14,51,35,53,54,55,48,57,24,59 
60, - reversed,59,59,59,58,58,58,57,55,54,53,53,53,53,52,51,50,49,47,46,45,43,42,40,37,37,36,34,33,31,30,29,28,26,25,24,23,23,22,20,18,17,16,16,12,11,11,11,11,10,8,7,7,6,6,5,3,2,1,1,1 
70, - 0 to 5,5,3,4,5,1,2,1,3,1,1,2,3,3,2,4,1,1,1,2,1,5,4,5,5,5,2,2,1,4,1,3,3,1,2,2,1,2,4,5,1,3,3,2,1,1,5,1,3,2,3,3,4,5,3,2,3,3,4,4,3,4,2,3,4,1,3,3,4,4,1 
70, - 0 to 4000,1515,2033,1339,1500,1196,557,3466,3753,3641,431,2987,2703,3623,2822,1089,1531,2976,2471,1537,951,3605,3594,3470,3150,1910,2197,3367,1906,1919,3421,2623,3418,2101,1482,1837,1616,2962,859,2725,3211,93,3498,3367,3351,3646,2705,2166,2238,3792,2028,3308,449,3160,1793,12,903,1813,3134,1144,1338,824,1122,708,1869,2006,3583,2858,2114,3579,606 
70, - half sorted,0,1,35,3,4,5,6,7,10,9,8,21,12,13,60,15,16,17,18,19,20,11,22,23,58,61,26,27,28,29,30,31,32,33,34,2,36,37,38,39,40,41,42,43,67,45,46,47,56,49,50,51,52,53,54,55,48,57,24,59,14,25,62,63,64,65,66,44,68,69 
70, - reversed,70,70,69,68,68,67,67,66,65,64,64,63,63,62,61,61,59,58,52,51,49,49,48,46,38,37,37,36,36,36,33,33,33,31,31,27,26,26,26,25,24,22,21,20,19,19,18,16,15,15,14,13,13,12,12,12,11,11,11,10,10,9,8,8,7,7,4,3,3,3 
80, - 0 to 5,5,3,4,5,1,2,1,3,1,1,2,3,3,2,4,1,1,1,2,1,5,4,5,5,5,2,2,1,4,1,3,3,1,2,2,1,2,4,5,1,3,3,2,1,1,5,1,3,2,3,3,4,5,3,2,3,3,4,4,3,4,2,3,4,1,3,3,4,4,1,2,1,4,2,1,5,3,5,2,1 
80, - 0 to 4000,1515,2033,1339,1500,1196,557,3466,3753,3641,431,2987,2703,3623,2822,1089,1531,2976,2471,1537,951,3605,3594,3470,3150,1910,2197,3367,1906,1919,3421,2623,3418,2101,1482,1837,1616,2962,859,2725,3211,93,3498,3367,3351,3646,2705,2166,2238,3792,2028,3308,449,3160,1793,12,903,1813,3134,1144,1338,824,1122,708,1869,2006,3583,2858,2114,3579,606,2112,1196,834,547,2631,2225,2658,3090,1477,2706 
80, - half sorted,0,1,2,3,4,5,6,24,30,9,10,21,35,13,70,15,16,17,18,19,20,11,22,23,78,25,26,44,56,29,8,31,32,33,34,12,36,37,38,39,40,41,42,43,27,77,46,47,48,49,50,51,52,53,54,55,28,57,58,59,60,45,62,63,64,65,66,67,68,69,14,71,72,73,74,75,76,61,7,79 
80, - reversed,79,78,77,77,76,76,75,74,73,71,71,71,71,70,68,67,66,66,65,65,63,63,63,61,60,59,59,59,58,58,58,58,53,50,49,49,46,46,42,41,40,37,37,34,34,33,33,32,32,31,30,30,29,28,28,27,26,24,24,23,23,22,21,18,17,16,16,14,13,12,11,11,7,7,6,6,5,5,2,2 
90, - 0 to 5,5,3,4,5,1,2,1,3,1,1,2,3,3,2,4,1,1,1,2,1,5,4,5,5,5,2,2,1,4,1,3,3,1,2,2,1,2,4,5,1,3,3,2,1,1,5,1,3,2,3,3,4,5,3,2,3,3,4,4,3,4,2,3,4,1,3,3,4,4,1,2,1,4,2,1,5,3,5,2,1,4,2,1,1,5,4,1,5,3,1 
90, - 0 to 4000,1515,2033,1339,1500,1196,557,3466,3753,3641,431,2987,2703,3623,2822,1089,1531,2976,2471,1537,951,3605,3594,3470,3150,1910,2197,3367,1906,1919,3421,2623,3418,2101,1482,1837,1616,2962,859,2725,3211,93,3498,3367,3351,3646,2705,2166,2238,3792,2028,3308,449,3160,1793,12,903,1813,3134,1144,1338,824,1122,708,1869,2006,3583,2858,2114,3579,606,2112,1196,834,547,2631,2225,2658,3090,1477,2706,2859,2387,2486,2926,3570,2834,286,1315,8,3146 
90, - half sorted,0,1,2,3,4,5,6,7,70,9,10,41,12,13,20,15,16,17,18,19,14,21,35,23,58,25,26,27,28,29,30,31,32,33,34,22,36,37,38,39,40,11,42,43,87,77,46,47,48,49,50,51,52,53,54,55,78,57,24,59,60,85,62,63,64,65,66,67,68,69,8,71,72,73,74,75,76,56,45,79,80,81,82,83,84,61,86,44,88,89 
90, - reversed,88,88,87,86,86,86,84,83,83,82,82,80,79,78,78,77,77,76,76,75,71,71,71,70,70,68,68,67,66,64,62,62,61,61,60,59,59,59,58,57,56,55,55,54,54,53,52,47,46,46,44,44,42,39,37,36,36,35,34,33,33,31,31,31,30,29,28,28,27,26,25,23,23,23,23,21,20,19,19,18,16,15,13,12,11,10,7,7,6,6 
100, - 0 to 5,5,3,4,5,1,2,1,3,1,1,2,3,3,2,4,1,1,1,2,1,5,4,5,5,5,2,2,1,4,1,3,3,1,2,2,1,2,4,5,1,3,3,2,1,1,5,1,3,2,3,3,4,5,3,2,3,3,4,4,3,4,2,3,4,1,3,3,4,4,1,2,1,4,2,1,5,3,5,2,1,4,2,1,1,5,4,1,5,3,1,1,3,3,5,5,5,3,2,2,5 
100, - 0 to 4000,1515,2033,1339,1500,1196,557,3466,3753,3641,431,2987,2703,3623,2822,1089,1531,2976,2471,1537,951,3605,3594,3470,3150,1910,2197,3367,1906,1919,3421,2623,3418,2101,1482,1837,1616,2962,859,2725,3211,93,3498,3367,3351,3646,2705,2166,2238,3792,2028,3308,449,3160,1793,12,903,1813,3134,1144,1338,824,1122,708,1869,2006,3583,2858,2114,3579,606,2112,1196,834,547,2631,2225,2658,3090,1477,2706,2859,2387,2486,2926,3570,2834,286,1315,8,3146,2786,2998,338,1250,1655,1750,3253,152,1147,3100 
100, - half sorted,0,1,2,3,4,61,6,78,30,9,10,21,12,13,70,15,16,17,24,19,20,11,22,23,18,25,26,27,28,29,8,31,32,33,34,92,36,37,38,39,40,41,42,43,7,45,46,47,48,49,50,51,52,53,54,55,68,57,58,59,60,5,62,63,64,65,66,67,56,69,14,71,72,73,74,75,76,85,44,79,80,81,82,83,84,77,86,87,88,89,90,91,35,93,94,95,96,97,98,99 
100, - reversed,100,100,98,98,97,96,96,94,93,93,92,90,89,87,87,86,86,86,83,82,79,77,76,71,70,70,69,67,67,66,66,62,60,59,59,58,58,57,55,53,53,52,51,51,50,50,50,49,47,47,46,46,44,41,39,38,38,38,37,37,34,34,34,33,31,31,31,28,26,25,25,24,23,23,22,22,21,19,18,16,15,15,14,13,12,12,11,10,8,8,8,6,6,6,6,5,5,3,3,1 
110, - 0 to 5,5,3,4,5,1,2,1,3,1,1,2,3,3,2,4,1,1,1,2,1,5,4,5,5,5,2,2,1,4,1,3,3,1,2,2,1,2,4,5,1,3,3,2,1,1,5,1,3,2,3,3,4,5,3,2,3,3,4,4,3,4,2,3,4,1,3,3,4,4,1,2,1,4,2,1,5,3,5,2,1,4,2,1,1,5,4,1,5,3,1,1,3,3,5,5,5,3,2,2,5,4,4,3,1,3,5,1,1,3,2 
110, - 0 to 4000,1515,2033,1339,1500,1196,557,3466,3753,3641,431,2987,2703,3623,2822,1089,1531,2976,2471,1537,951,3605,3594,3470,3150,1910,2197,3367,1906,1919,3421,2623,3418,2101,1482,1837,1616,2962,859,2725,3211,93,3498,3367,3351,3646,2705,2166,2238,3792,2028,3308,449,3160,1793,12,903,1813,3134,1144,1338,824,1122,708,1869,2006,3583,2858,2114,3579,606,2112,1196,834,547,2631,2225,2658,3090,1477,2706,2859,2387,2486,2926,3570,2834,286,1315,8,3146,2786,2998,338,1250,1655,1750,3253,152,1147,3100,464,2974,3523,1141,3758,1475,1141,131,2428,2867 
110, - half sorted,0,1,2,3,4,5,6,7,100,9,10,21,12,13,8,15,16,17,18,19,20,11,22,23,58,25,26,27,28,29,30,31,32,33,34,61,36,37,38,39,40,41,42,43,97,45,46,47,48,49,104,51,52,53,54,55,24,78,56,59,60,72,62,63,64,65,66,67,68,69,70,71,35,73,74,77,76,75,57,79,80,81,82,83,84,85,86,87,88,89,90,91,92,93,94,95,96,44,98,99,14,101,102,103,50,105,106,107,108,109 
110, - reversed,110,108,107,107,106,106,105,104,103,101,101,101,100,99,98,98,98,98,97,97,97,95,94,87,87,86,85,84,84,81,80,80,79,79,78,77,76,73,73,73,73,71,69,67,62,62,61,59,59,58,58,58,55,55,53,53,52,51,50,50,50,48,47,46,46,46,46,46,45,45,43,42,41,41,40,40,39,39,38,36,36,36,36,33,28,26,25,24,24,22,21,21,21,20,18,18,17,14,14,13,13,12,11,7,6,6,4,3,2,2 
120, - 0 to 5,5,3,4,5,1,2,1,3,1,1,2,3,3,2,4,1,1,1,2,1,5,4,5,5,5,2,2,1,4,1,3,3,1,2,2,1,2,4,5,1,3,3,2,1,1,5,1,3,2,3,3,4,5,3,2,3,3,4,4,3,4,2,3,4,1,3,3,4,4,1,2,1,4,2,1,5,3,5,2,1,4,2,1,1,5,4,1,5,3,1,1,3,3,5,5,5,3,2,2,5,4,4,3,1,3,5,1,1,3,2,5,2,4,3,1,1,3,3,3,3 
120, - 0 to 4000,1515,2033,1339,1500,1196,557,3466,3753,3641,431,2987,2703,3623,2822,1089,1531,2976,2471,1537,951,3605,3594,3470,3150,1910,2197,3367,1906,1919,3421,2623,3418,2101,1482,1837,1616,2962,859,2725,3211,93,3498,3367,3351,3646,2705,2166,2238,3792,2028,3308,449,3160,1793,12,903,1813,3134,1144,1338,824,1122,708,1869,2006,3583,2858,2114,3579,606,2112,1196,834,547,2631,2225,2658,3090,1477,2706,2859,2387,2486,2926,3570,2834,286,1315,8,3146,2786,2998,338,1250,1655,1750,3253,152,1147,3100,464,2974,3523,1141,3758,1475,1141,131,2428,2867,855,3937,2904,3553,2311,3621,683,1508,3948,843 
120, - half sorted,0,1,2,3,4,5,6,7,70,9,10,101,12,13,110,15,16,17,18,19,20,21,22,23,118,25,26,44,28,29,30,31,32,33,34,52,36,37,38,39,114,41,42,43,27,77,46,78,48,49,50,51,35,53,54,55,108,57,58,59,104,85,62,63,64,65,66,67,68,69,8,71,72,73,74,75,76,45,47,79,80,81,82,83,84,61,86,87,88,89,90,91,92,93,94,95,96,97,98,99,100,11,102,103,60,105,106,107,56,109,14,111,112,113,40,115,116,117,24,119 
120, - reversed,119,118,118,118,117,115,113,113,113,112,111,111,110,109,108,108,108,107,103,102,100,99,98,95,90,90,89,86,86,86,83,83,82,82,77,75,74,74,72,71,71,70,68,67,67,66,66,64,63,61,61,61,61,61,59,59,58,58,58,57,54,54,53,53,53,52,51,49,48,47,46,46,46,45,40,37,37,36,36,35,34,34,33,32,31,31,30,30,28,28,27,27,26,26,26,25,25,24,24,24,23,23,23,20,19,18,18,17,16,16,15,11,11,10,7,6,5,3,2,1 
130, - 0 to 5,5,3,4,5,1,2,1,3,1,1,2,3,3,2,4,1,1,1,2,1,5,4,5,5,5,2,2,1,4,1,3,3,1,2,2,1,2,4,5,1,3,3,2,1,1,5,1,3,2,3,3,4,5,3,2,3,3,4,4,3,4,2,3,4,1,3,3,4,4,1,2,1,4,2,1,5,3,5,2,1,4,2,1,1,5,4,1,5,3,1,1,3,3,5,5,5,3,2,2,5,4,4,3,1,3,5,1,1,3,2,5,2,4,3,1,1,3,3,3,3,2,1,5,5,4,5,1,1,4,4 
130, - 0 to 4000,1515,2033,1339,1500,1196,557,3466,3753,3641,431,2987,2703,3623,2822,1089,1531,2976,2471,1537,951,3605,3594,3470,3150,1910,2197,3367,1906,1919,3421,2623,3418,2101,1482,1837,1616,2962,859,2725,3211,93,3498,3367,3351,3646,2705,2166,2238,3792,2028,3308,449,3160,1793,12,903,1813,3134,1144,1338,824,1122,708,1869,2006,3583,2858,2114,3579,606,2112,1196,834,547,2631,2225,2658,3090,1477,2706,2859,2387,2486,2926,3570,2834,286,1315,8,3146,2786,2998,338,1250,1655,1750,3253,152,1147,3100,464,2974,3523,1141,3758,1475,1141,131,2428,2867,855,3937,2904,3553,2311,3621,683,1508,3948,843,1017,1471,2605,1680,1974,390,1601,2236,1274,1854 
130, - half sorted,0,1,2,3,4,5,6,7,24,9,14,11,12,13,10,15,16,78,18,19,20,21,22,23,40,25,26,27,28,29,104,31,32,33,34,72,36,44,38,39,8,41,42,43,37,45,46,47,48,49,50,51,52,53,54,55,98,57,58,59,60,65,62,63,64,77,66,67,68,69,70,71,35,73,74,75,76,61,17,79,114,81,82,83,84,85,86,87,88,89,90,91,92,93,94,95,96,97,56,99,100,101,102,103,30,105,106,107,108,109,110,111,112,113,80,115,116,117,118,119,120,121,122,123,124,125,126,127,128,129 
130, - reversed,129,128,128,126,126,126,126,126,125,123,120,117,117,112,111,111,108,105,105,104,104,102,101,100,100,99,99,97,95,94,94,92,90,88,88,88,87,86,86,86,85,85,84,81,81,81,81,80,78,77,74,73,73,70,70,67,66,66,66,65,63,63,61,60,60,58,58,58,56,55,54,54,54,53,53,53,53,52,51,51,50,50,49,48,48,47,45,44,43,43,43,41,41,41,40,39,38,37,36,36,34,33,31,29,27,27,26,24,23,22,22,19,18,18,17,17,17,17,14,13,12,12,11,11,11,9,8,6,6,5 
140, - 0 to 5,5,3,4,5,1,2,1,3,1,1,2,3,3,2,4,1,1,1,2,1,5,4,5,5,5,2,2,1,4,1,3,3,1,2,2,1,2,4,5,1,3,3,2,1,1,5,1,3,2,3,3,4,5,3,2,3,3,4,4,3,4,2,3,4,1,3,3,4,4,1,2,1,4,2,1,5,3,5,2,1,4,2,1,1,5,4,1,5,3,1,1,3,3,5,5,5,3,2,2,5,4,4,3,1,3,5,1,1,3,2,5,2,4,3,1,1,3,3,3,3,2,1,5,5,4,5,1,1,4,4,3,3,4,3,1,3,3,4,3,4 
140, - 0 to 4000,1515,2033,1339,1500,1196,557,3466,3753,3641,431,2987,2703,3623,2822,1089,1531,2976,2471,1537,951,3605,3594,3470,3150,1910,2197,3367,1906,1919,3421,2623,3418,2101,1482,1837,1616,2962,859,2725,3211,93,3498,3367,3351,3646,2705,2166,2238,3792,2028,3308,449,3160,1793,12,903,1813,3134,1144,1338,824,1122,708,1869,2006,3583,2858,2114,3579,606,2112,1196,834,547,2631,2225,2658,3090,1477,2706,2859,2387,2486,2926,3570,2834,286,1315,8,3146,2786,2998,338,1250,1655,1750,3253,152,1147,3100,464,2974,3523,1141,3758,1475,1141,131,2428,2867,855,3937,2904,3553,2311,3621,683,1508,3948,843,1017,1471,2605,1680,1974,390,1601,2236,1274,1854,2438,3108,824,68,3606,3598,1708,1329,1623,2614 
140, - half sorted,0,1,2,3,4,5,6,7,10,9,8,21,12,13,130,15,16,17,18,19,114,11,22,23,58,61,26,27,28,29,30,31,32,33,34,72,36,37,38,39,40,136,42,43,67,45,46,78,56,49,50,51,52,53,54,55,48,57,24,59,60,25,133,63,64,65,66,44,68,69,70,71,35,73,74,75,76,105,47,79,80,81,82,83,84,85,86,87,88,89,90,91,92,93,94,95,96,97,98,99,100,101,102,103,120,77,106,107,108,109,110,111,112,113,20,115,116,117,118,119,104,121,122,123,124,125,126,127,128,129,14,131,132,62,134,135,41,137,138,139 
140, - reversed,140,139,139,138,138,138,137,137,137,135,134,134,134,133,133,132,131,131,130,128,128,126,123,121,121,120,119,116,116,111,109,107,106,106,106,106,106,104,104,103,101,98,98,97,96,96,94,93,91,90,90,89,87,87,86,85,83,83,82,82,81,80,80,78,77,75,74,74,73,70,70,70,68,67,67,66,66,65,64,63,62,59,58,54,52,50,49,48,48,48,38,37,35,34,34,33,33,33,32,31,31,31,28,27,26,26,26,25,25,24,23,22,21,21,21,19,18,18,18,17,16,15,15,14,12,11,11,11,10,9,8,8,8,7,6,5,4,3,3,3 
150, - 0 to 5,5,3,4,5,1,2,1,3,1,1,2,3,3,2,4,1,1,1,2,1,5,4,5,5,5,2,2,1,4,1,3,3,1,2,2,1,2,4,5,1,3,3,2,1,1,5,1,3,2,3,3,4,5,3,2,3,3,4,4,3,4,2,3,4,1,3,3,4,4,1,2,1,4,2,1,5,3,5,2,1,4,2,1,1,5,4,1,5,3,1,1,3,3,5,5,5,3,2,2,5,4,4,3,1,3,5,1,1,3,2,5,2,4,3,1,1,3,3,3,3,2,1,5,5,4,5,1,1,4,4,3,3,4,3,1,3,3,4,3,4,5,4,5,3,2,4,3,5,5,4 
150, - 0 to 4000,1515,2033,1339,1500,1196,557,3466,3753,3641,431,2987,2703,3623,2822,1089,1531,2976,2471,1537,951,3605,3594,3470,3150,1910,2197,3367,1906,1919,3421,2623,3418,2101,1482,1837,1616,2962,859,2725,3211,93,3498,3367,3351,3646,2705,2166,2238,3792,2028,3308,449,3160,1793,12,903,1813,3134,1144,1338,824,1122,708,1869,2006,3583,2858,2114,3579,606,2112,1196,834,547,2631,2225,2658,3090,1477,2706,2859,2387,2486,2926,3570,2834,286,1315,8,3146,2786,2998,338,1250,1655,1750,3253,152,1147,3100,464,2974,3523,1141,3758,1475,1141,131,2428,2867,855,3937,2904,3553,2311,3621,683,1508,3948,843,1017,1471,2605,1680,1974,390,1601,2236,1274,1854,2438,3108,824,68,3606,3598,1708,1329,1623,2614,2515,1084,1810,2513,832,544,3623,3440,300,3999 
150, - half sorted,0,136,2,3,4,5,6,7,130,9,10,71,12,13,20,15,16,17,56,19,14,21,22,23,118,25,26,27,28,29,30,31,32,33,34,142,36,37,38,39,40,41,42,43,57,45,46,47,48,49,50,51,52,53,54,61,18,44,58,146,60,55,62,63,64,65,66,67,68,69,70,11,72,73,74,75,76,135,107,79,80,81,82,83,84,85,86,87,88,89,90,91,92,93,94,95,96,97,98,99,114,101,102,103,120,105,106,78,108,109,110,111,112,113,100,115,116,117,24,119,104,121,133,123,124,125,126,127,128,129,8,131,132,122,134,77,1,137,138,139,140,141,35,143,144,145,59,147,148,149 
150, - reversed,150,150,148,148,148,147,144,143,143,143,140,138,137,136,136,136,134,131,131,129,128,125,124,123,123,121,121,121,120,120,119,117,116,115,114,113,113,112,111,110,110,109,108,108,108,108,106,105,101,101,100,100,97,96,96,96,94,94,91,91,91,90,89,89,88,88,87,87,86,84,83,83,82,81,80,79,77,76,75,74,74,73,72,67,67,66,65,64,62,62,59,58,58,58,58,57,56,56,56,55,54,54,53,53,53,52,50,50,49,49,48,47,46,42,40,38,37,37,34,34,33,32,31,28,26,25,24,24,23,23,22,21,19,18,18,17,16,15,14,11,10,8,6,5,5,5,3,3,1,1 
160, - 0 to 5,5,3,4,5,1,2,1,3,1,1,2,3,3,2,4,1,1,1,2,1,5,4,5,5,5,2,2,1,4,1,3,3,1,2,2,1,2,4,5,1,3,3,2,1,1,5,1,3,2,3,3,4,5,3,2,3,3,4,4,3,4,2,3,4,1,3,3,4,4,1,2,1,4,2,1,5,3,5,2,1,4,2,1,1,5,4,1,5,3,1,1,3,3,5,5,5,3,2,2,5,4,4,3,1,3,5,1,1,3,2,5,2,4,3,1,1,3,3,3,3,2,1,5,5,4,5,1,1,4,4,3,3,4,3,1,3,3,4,3,4,5,4,5,3,2,4,3,5,5,4,2,4,4,5,2,3,3,3,5,4 
160, - 0 to 4000,1515,2033,1339,1500,1196,557,3466,3753,3641,431,2987,2703,3623,2822,1089,1531,2976,2471,1537,951,3605,3594,3470,3150,1910,2197,3367,1906,1919,3421,2623,3418,2101,1482,1837,1616,2962,859,2725,3211,93,3498,3367,3351,3646,2705,2166,2238,3792,2028,3308,449,3160,1793,12,903,1813,3134,1144,1338,824,1122,708,1869,2006,3583,2858,2114,3579,606,2112,1196,834,547,2631,2225,2658,3090,1477,2706,2859,2387,2486,2926,3570,2834,286,1315,8,3146,2786,2998,338,1250,1655,1750,3253,152,1147,3100,464,2974,3523,1141,3758,1475,1141,131,2428,2867,855,3937,2904,3553,2311,3621,683,1508,3948,843,1017,1471,2605,1680,1974,390,1601,2236,1274,1854,2438,3108,824,68,3606,3598,1708,1329,1623,2614,2515,1084,1810,2513,832,544,3623,3440,300,3999,3102,2599,1229,360,2977,1678,1803,53,200,3624 
160, - half sorted,114,1,2,3,4,5,6,78,110,9,10,101,12,13,70,15,16,17,18,19,20,21,22,23,158,25,26,27,28,29,30,31,32,33,34,92,36,37,38,39,40,41,42,43,107,45,46,47,48,49,50,51,52,53,24,55,108,57,58,59,60,136,62,63,64,65,66,67,68,69,14,71,72,73,74,75,76,61,7,79,80,81,82,83,84,85,86,87,88,89,90,91,35,93,94,95,96,97,98,99,104,11,133,103,100,105,106,44,56,109,8,111,112,113,0,115,116,117,118,146,120,121,122,123,124,77,126,127,150,129,130,131,132,102,134,135,125,137,138,139,140,141,142,143,144,145,155,147,148,149,153,151,152,128,154,119,156,157,54,159 
160, - reversed,159,159,158,156,154,152,151,151,150,150,147,147,146,146,145,145,144,143,140,139,138,138,131,130,129,129,126,126,126,124,121,120,118,117,115,114,113,113,112,111,110,110,109,109,108,108,108,108,107,106,106,104,103,103,103,102,101,98,97,97,97,96,94,94,94,93,91,86,86,86,86,85,82,80,80,78,78,78,77,77,76,76,75,74,73,71,71,71,70,68,68,68,68,67,66,64,63,63,62,61,60,60,59,59,59,58,58,57,55,55,54,54,53,53,53,50,50,50,49,46,45,43,43,43,42,40,40,39,38,37,35,35,34,34,33,33,32,32,31,28,27,24,24,24,24,23,21,21,21,18,16,12,11,8,7,7,5,3,2,1 
170, - 0 to 5,5,3,4,5,1,2,1,3,1,1,2,3,3,2,4,1,1,1,2,1,5,4,5,5,5,2,2,1,4,1,3,3,1,2,2,1,2,4,5,1,3,3,2,1,1,5,1,3,2,3,3,4,5,3,2,3,3,4,4,3,4,2,3,4,1,3,3,4,4,1,2,1,4,2,1,5,3,5,2,1,4,2,1,1,5,4,1,5,3,1,1,3,3,5,5,5,3,2,2,5,4,4,3,1,3,5,1,1,3,2,5,2,4,3,1,1,3,3,3,3,2,1,5,5,4,5,1,1,4,4,3,3,4,3,1,3,3,4,3,4,5,4,5,3,2,4,3,5,5,4,2,4,4,5,2,3,3,3,5,4,1,5,1,1,4,4,4,1,4,4 
170, - 0 to 4000,1515,2033,1339,1500,1196,557,3466,3753,3641,431,2987,2703,3623,2822,1089,1531,2976,2471,1537,951,3605,3594,3470,3150,1910,2197,3367,1906,1919,3421,2623,3418,2101,1482,1837,1616,2962,859,2725,3211,93,3498,3367,3351,3646,2705,2166,2238,3792,2028,3308,449,3160,1793,12,903,1813,3134,1144,1338,824,1122,708,1869,2006,3583,2858,2114,3579,606,2112,1196,834,547,2631,2225,2658,3090,1477,2706,2859,2387,2486,2926,3570,2834,286,1315,8,3146,2786,2998,338,1250,1655,1750,3253,152,1147,3100,464,2974,3523,1141,3758,1475,1141,131,2428,2867,855,3937,2904,3553,2311,3621,683,1508,3948,843,1017,1471,2605,1680,1974,390,1601,2236,1274,1854,2438,3108,824,68,3606,3598,1708,1329,1623,2614,2515,1084,1810,2513,832,544,3623,3440,300,3999,3102,2599,1229,360,2977,1678,1803,53,200,3624,911,2360,1141,1251,124,919,2689,1471,3394,629 
170, - half sorted,153,1,2,3,4,5,6,7,90,9,10,51,167,13,110,15,155,44,18,19,20,21,22,23,158,25,26,78,28,29,30,31,35,146,34,61,36,37,38,39,40,41,42,43,17,77,46,47,48,49,50,136,52,53,54,55,118,57,58,59,60,32,62,63,64,65,66,67,68,69,70,71,72,73,74,75,76,45,27,79,80,81,82,83,84,85,86,87,150,89,8,91,92,93,94,95,96,97,98,99,100,101,102,103,0,105,106,107,108,109,14,111,112,113,104,115,116,117,56,119,120,121,122,123,124,125,126,127,128,129,130,131,132,142,134,135,11,137,138,139,140,141,133,143,144,145,169,147,24,149,88,151,152,114,154,16,156,157,148,159,168,161,162,163,164,165,166,12,160,33 
170, - reversed,170,170,169,169,167,167,166,162,161,160,159,159,158,158,157,157,156,151,151,151,150,150,149,148,148,145,145,143,143,143,143,140,138,138,137,135,133,133,131,131,130,130,129,128,126,126,123,123,121,121,121,120,119,115,115,114,114,114,114,111,111,109,108,107,106,104,103,102,101,98,98,97,97,96,96,96,95,94,94,94,92,91,90,90,89,87,84,84,84,83,80,77,77,74,72,70,69,69,68,68,67,66,65,64,64,64,64,64,63,63,63,61,60,60,59,58,56,55,52,52,52,49,48,46,46,46,44,43,41,40,40,39,38,37,36,33,33,32,31,28,28,28,28,27,27,26,25,23,23,23,22,21,20,18,18,18,16,15,14,12,11,9,6,6,5,4,3,1,1,1 
180, - 0 to 5,5,3,4,5,1,2,1,3,1,1,2,3,3,2,4,1,1,1,2,1,5,4,5,5,5,2,2,1,4,1,3,3,1,2,2,1,2,4,5,1,3,3,2,1,1,5,1,3,2,3,3,4,5,3,2,3,3,4,4,3,4,2,3,4,1,3,3,4,4,1,2,1,4,2,1,5,3,5,2,1,4,2,1,1,5,4,1,5,3,1,1,3,3,5,5,5,3,2,2,5,4,4,3,1,3,5,1,1,3,2,5,2,4,3,1,1,3,3,3,3,2,1,5,5,4,5,1,1,4,4,3,3,4,3,1,3,3,4,3,4,5,4,5,3,2,4,3,5,5,4,2,4,4,5,2,3,3,3,5,4,1,5,1,1,4,4,4,1,4,4,1,4,1,2,2,3,3,5,4,4 
180, - 0 to 4000,1515,2033,1339,1500,1196,557,3466,3753,3641,431,2987,2703,3623,2822,1089,1531,2976,2471,1537,951,3605,3594,3470,3150,1910,2197,3367,1906,1919,3421,2623,3418,2101,1482,1837,1616,2962,859,2725,3211,93,3498,3367,3351,3646,2705,2166,2238,3792,2028,3308,449,3160,1793,12,903,1813,3134,1144,1338,824,1122,708,1869,2006,3583,2858,2114,3579,606,2112,1196,834,547,2631,2225,2658,3090,1477,2706,2859,2387,2486,2926,3570,2834,286,1315,8,3146,2786,2998,338,1250,1655,1750,3253,152,1147,3100,464,2974,3523,1141,3758,1475,1141,131,2428,2867,855,3937,2904,3553,2311,3621,683,1508,3948,843,1017,1471,2605,1680,1974,390,1601,2236,1274,1854,2438,3108,824,68,3606,3598,1708,1329,1623,2614,2515,1084,1810,2513,832,544,3623,3440,300,3999,3102,2599,1229,360,2977,1678,1803,53,200,3624,911,2360,1141,1251,124,919,2689,1471,3394,629,2871,3954,2736,947,3072,2443,3883,2455,94,629 
180, - half sorted,0,1,146,3,4,5,6,7,70,9,10,41,12,169,110,15,16,17,18,19,20,21,22,23,58,25,26,27,28,29,30,31,78,33,158,112,36,37,38,39,40,11,42,43,87,77,46,47,48,171,50,51,52,53,54,55,168,57,24,59,60,85,133,63,64,65,66,67,68,69,8,71,72,73,74,75,76,45,167,79,80,81,82,83,84,61,155,44,150,89,90,91,92,93,94,95,96,97,98,99,114,101,102,103,120,105,106,107,160,109,14,111,35,113,100,115,116,117,118,119,104,136,122,123,124,125,126,127,128,129,130,131,132,62,134,135,121,137,138,139,140,141,142,143,144,145,179,147,148,149,153,151,152,88,154,86,156,157,34,159,108,161,162,163,164,165,166,32,56,13,170,49,172,173,174,175,176,177,178,2 
180, - reversed,180,180,179,178,178,177,174,174,173,172,171,169,168,168,167,166,160,158,158,156,155,154,152,151,151,150,150,147,146,145,144,144,143,143,142,138,136,134,134,126,126,125,125,124,124,123,123,123,122,121,121,121,121,120,118,118,117,117,114,113,113,113,113,113,111,111,110,110,110,109,108,108,108,106,106,105,103,101,100,97,96,93,92,89,88,87,87,86,86,86,86,84,84,83,83,83,82,80,80,77,77,76,75,74,74,74,74,71,71,71,70,68,67,67,64,64,63,63,62,61,61,61,60,59,59,59,58,58,58,57,55,54,53,52,51,49,49,49,48,47,46,42,39,38,37,36,35,35,35,34,33,32,31,31,31,30,30,29,29,28,28,26,25,24,23,23,20,19,19,19,18,16,15,14,12,11,11,10,7,6 
190, - 0 to 5,5,3,4,5,1,2,1,3,1,1,2,3,3,2,4,1,1,1,2,1,5,4,5,5,5,2,2,1,4,1,3,3,1,2,2,1,2,4,5,1,3,3,2,1,1,5,1,3,2,3,3,4,5,3,2,3,3,4,4,3,4,2,3,4,1,3,3,4,4,1,2,1,4,2,1,5,3,5,2,1,4,2,1,1,5,4,1,5,3,1,1,3,3,5,5,5,3,2,2,5,4,4,3,1,3,5,1,1,3,2,5,2,4,3,1,1,3,3,3,3,2,1,5,5,4,5,1,1,4,4,3,3,4,3,1,3,3,4,3,4,5,4,5,3,2,4,3,5,5,4,2,4,4,5,2,3,3,3,5,4,1,5,1,1,4,4,4,1,4,4,1,4,1,2,2,3,3,5,4,4,4,5,1,4,1,1,2,1,3,3 
190, - 0 to 4000,1515,2033,1339,1500,1196,557,3466,3753,3641,431,2987,2703,3623,2822,1089,1531,2976,2471,1537,951,3605,3594,3470,3150,1910,2197,3367,1906,1919,3421,2623,3418,2101,1482,1837,1616,2962,859,2725,3211,93,3498,3367,3351,3646,2705,2166,2238,3792,2028,3308,449,3160,1793,12,903,1813,3134,1144,1338,824,1122,708,1869,2006,3583,2858,2114,3579,606,2112,1196,834,547,2631,2225,2658,3090,1477,2706,2859,2387,2486,2926,3570,2834,286,1315,8,3146,2786,2998,338,1250,1655,1750,3253,152,1147,3100,464,2974,3523,1141,3758,1475,1141,131,2428,2867,855,3937,2904,3553,2311,3621,683,1508,3948,843,1017,1471,2605,1680,1974,390,1601,2236,1274,1854,2438,3108,824,68,3606,3598,1708,1329,1623,2614,2515,1084,1810,2513,832,544,3623,3440,300,3999,3102,2599,1229,360,2977,1678,1803,53,200,3624,911,2360,1141,1251,124,919,2689,1471,3394,629,2871,3954,2736,947,3072,2443,3883,2455,94,629,3549,1420,3836,1279,911,906,2342,26,153,3448 
190, - half sorted,0,1,2,3,4,5,155,7,50,9,10,41,12,13,40,15,16,17,18,19,20,21,167,23,48,25,26,27,28,29,30,31,32,33,34,142,36,37,56,39,14,11,42,43,127,45,46,78,24,49,8,51,52,53,158,55,38,57,58,59,153,85,62,63,64,65,66,67,68,69,70,71,72,73,74,75,76,125,47,79,104,136,82,83,84,61,86,87,88,89,90,91,92,93,94,95,96,97,150,99,100,101,102,103,80,105,106,107,108,109,114,111,112,113,110,115,116,117,118,146,120,121,122,123,124,77,126,44,128,129,130,131,132,169,134,135,81,137,138,139,140,141,35,143,144,145,119,147,148,171,98,151,152,60,154,6,156,157,54,159,168,161,162,163,164,165,166,133,160,22,170,149,172,173,174,175,176,177,178,182,180,181,179,185,184,183,186,187,188,189 
190, - reversed,189,188,188,188,187,187,182,182,181,180,180,178,178,178,178,178,177,176,175,174,174,174,174,173,173,172,171,171,171,170,170,169,169,169,168,167,166,166,164,163,163,160,159,157,157,155,153,152,150,149,145,145,145,144,144,143,143,143,142,141,139,139,138,136,134,134,133,130,128,126,126,123,120,120,120,119,117,116,116,116,114,111,111,107,106,106,99,97,96,96,96,95,94,93,93,90,90,88,86,86,86,85,82,81,81,80,78,77,76,74,74,73,72,68,68,66,66,66,63,62,61,61,61,60,57,57,57,55,55,54,54,52,52,51,51,51,51,49,49,49,48,48,48,44,43,43,43,42,41,41,41,41,39,39,38,37,35,35,34,33,33,32,31,30,30,30,29,28,28,26,25,24,24,23,23,20,19,18,17,13,11,10,9,8,7,4,4,4,3,1 
200, - 0 to 5,5,3,4,5,1,2,1,3,1,1,2,3,3,2,4,1,1,1,2,1,5,4,5,5,5,2,2,1,4,1,3,3,1,2,2,1,2,4,5,1,3,3,2,1,1,5,1,3,2,3,3,4,5,3,2,3,3,4,4,3,4,2,3,4,1,3,3,4,4,1,2,1,4,2,1,5,3,5,2,1,4,2,1,1,5,4,1,5,3,1,1,3,3,5,5,5,3,2,2,5,4,4,3,1,3,5,1,1,3,2,5,2,4,3,1,1,3,3,3,3,2,1,5,5,4,5,1,1,4,4,3,3,4,3,1,3,3,4,3,4,5,4,5,3,2,4,3,5,5,4,2,4,4,5,2,3,3,3,5,4,1,5,1,1,4,4,4,1,4,4,1,4,1,2,2,3,3,5,4,4,4,5,1,4,1,1,2,1,3,3,2,4,1,4,5,5,1,1,5,1 
200, - 0 to 4000,1515,2033,1339,1500,1196,557,3466,3753,3641,431,2987,2703,3623,2822,1089,1531,2976,2471,1537,951,3605,3594,3470,3150,1910,2197,3367,1906,1919,3421,2623,3418,2101,1482,1837,1616,2962,859,2725,3211,93,3498,3367,3351,3646,2705,2166,2238,3792,2028,3308,449,3160,1793,12,903,1813,3134,1144,1338,824,1122,708,1869,2006,3583,2858,2114,3579,606,2112,1196,834,547,2631,2225,2658,3090,1477,2706,2859,2387,2486,2926,3570,2834,286,1315,8,3146,2786,2998,338,1250,1655,1750,3253,152,1147,3100,464,2974,3523,1141,3758,1475,1141,131,2428,2867,855,3937,2904,3553,2311,3621,683,1508,3948,843,1017,1471,2605,1680,1974,390,1601,2236,1274,1854,2438,3108,824,68,3606,3598,1708,1329,1623,2614,2515,1084,1810,2513,832,544,3623,3440,300,3999,3102,2599,1229,360,2977,1678,1803,53,200,3624,911,2360,1141,1251,124,919,2689,1471,3394,629,2871,3954,2736,947,3072,2443,3883,2455,94,629,3549,1420,3836,1279,911,906,2342,26,153,3448,22,1794,3641,654,2190,3840,2851,256,3085,16 
200, - half sorted,114,1,2,3,4,61,6,78,30,9,10,21,12,13,70,15,16,17,18,19,104,11,133,23,118,25,26,27,28,29,8,31,32,33,34,92,36,37,38,39,40,41,42,192,107,45,46,47,48,49,50,51,52,53,158,55,68,57,58,59,60,5,62,63,64,65,66,67,56,69,153,71,72,73,74,75,76,85,7,79,80,81,82,83,84,77,86,87,150,89,90,91,35,93,94,95,96,97,98,99,100,136,179,103,20,105,106,44,108,109,110,111,112,113,0,115,116,117,24,119,120,121,122,123,124,125,126,127,128,129,130,131,132,22,134,135,101,137,138,139,140,141,142,143,144,145,155,147,160,149,88,151,195,14,154,159,156,157,54,146,148,161,162,163,164,165,166,152,168,193,170,189,172,173,174,183,176,177,178,102,180,181,182,175,184,185,186,187,188,171,190,191,43,169,194,167,196,197,198,199 
200, - reversed,200,199,199,198,198,197,196,196,194,194,194,193,192,190,190,187,187,186,183,179,177,176,174,174,170,167,167,166,162,160,160,160,158,157,154,153,153,153,152,151,151,150,150,149,148,147,147,147,146,144,144,142,141,141,141,139,138,138,137,137,136,134,131,131,129,126,125,124,123,122,119,119,115,115,115,114,113,112,111,111,111,110,108,108,108,108,108,106,106,106,105,104,103,103,102,101,100,100,100,98,94,93,90,89,89,86,86,85,84,83,83,82,80,79,78,77,75,74,72,71,71,71,71,70,69,68,67,66,64,59,59,58,58,56,55,55,55,54,54,53,53,51,51,50,49,48,46,43,43,41,41,40,40,38,38,37,36,36,34,34,33,32,31,31,29,29,29,28,28,26,25,24,24,24,23,23,23,23,22,22,21,21,20,18,17,16,16,14,13,12,11,10,8,6,6,6,5,5,3,1 
210, - 0 to 5,5,3,4,5,1,2,1,3,1,1,2,3,3,2,4,1,1,1,2,1,5,4,5,5,5,2,2,1,4,1,3,3,1,2,2,1,2,4,5,1,3,3,2,1,1,5,1,3,2,3,3,4,5,3,2,3,3,4,4,3,4,2,3,4,1,3,3,4,4,1,2,1,4,2,1,5,3,5,2,1,4,2,1,1,5,4,1,5,3,1,1,3,3,5,5,5,3,2,2,5,4,4,3,1,3,5,1,1,3,2,5,2,4,3,1,1,3,3,3,3,2,1,5,5,4,5,1,1,4,4,3,3,4,3,1,3,3,4,3,4,5,4,5,3,2,4,3,5,5,4,2,4,4,5,2,3,3,3,5,4,1,5,1,1,4,4,4,1,4,4,1,4,1,2,2,3,3,5,4,4,4,5,1,4,1,1,2,1,3,3,2,4,1,4,5,5,1,1,5,1,1,3,5,3,4,3,4,5,1,2 
210, - 0 to 4000,1515,2033,1339,1500,1196,557,3466,3753,3641,431,2987,2703,3623,2822,1089,1531,2976,2471,1537,951,3605,3594,3470,3150,1910,2197,3367,1906,1919,3421,2623,3418,2101,1482,1837,1616,2962,859,2725,3211,93,3498,3367,3351,3646,2705,2166,2238,3792,2028,3308,449,3160,1793,12,903,1813,3134,1144,1338,824,1122,708,1869,2006,3583,2858,2114,3579,606,2112,1196,834,547,2631,2225,2658,3090,1477,2706,2859,2387,2486,2926,3570,2834,286,1315,8,3146,2786,2998,338,1250,1655,1750,3253,152,1147,3100,464,2974,3523,1141,3758,1475,1141,131,2428,2867,855,3937,2904,3553,2311,3621,683,1508,3948,843,1017,1471,2605,1680,1974,390,1601,2236,1274,1854,2438,3108,824,68,3606,3598,1708,1329,1623,2614,2515,1084,1810,2513,832,544,3623,3440,300,3999,3102,2599,1229,360,2977,1678,1803,53,200,3624,911,2360,1141,1251,124,919,2689,1471,3394,629,2871,3954,2736,947,3072,2443,3883,2455,94,629,3549,1420,3836,1279,911,906,2342,26,153,3448,22,1794,3641,654,2190,3840,2851,256,3085,16,1401,1208,1275,703,699,898,2119,1015,3776,2927 
210, - half sorted,0,1,167,3,158,5,6,7,10,9,8,161,12,13,200,183,16,17,114,19,206,21,22,23,58,61,26,27,150,29,30,31,32,33,34,142,36,37,38,39,40,41,42,43,207,45,46,78,56,49,50,51,195,53,54,55,48,57,24,59,60,25,133,63,64,65,66,67,68,69,70,71,72,73,74,75,76,105,47,79,80,81,82,83,84,85,86,87,88,146,90,91,92,93,94,95,96,97,98,99,100,101,102,103,120,77,106,107,108,109,110,111,112,113,160,115,155,117,118,119,104,121,179,123,124,125,126,127,128,129,130,131,132,62,134,135,181,137,138,171,140,141,35,192,144,145,89,147,148,149,28,151,152,180,154,116,156,157,4,159,18,11,162,169,164,165,166,2,168,163,170,139,172,173,174,175,176,177,178,122,153,136,182,15,184,185,186,187,188,189,190,191,143,193,194,52,196,197,198,199,14,201,202,203,204,205,20,44,208,209 
210, - reversed,210,210,208,208,208,208,207,207,207,207,206,204,204,203,203,203,203,203,201,201,200,200,198,194,188,188,186,184,182,181,181,176,176,174,174,173,173,173,172,171,171,168,168,167,166,166,164,164,162,161,160,158,157,156,153,152,151,151,151,150,150,149,149,148,148,145,144,144,143,141,140,139,136,131,128,126,123,121,121,121,120,119,117,114,113,110,109,108,108,107,106,106,106,106,105,104,104,104,101,101,97,96,95,94,94,93,91,91,91,90,90,90,89,89,88,88,87,87,86,85,83,83,82,82,80,79,79,79,79,78,78,77,74,73,70,70,69,68,67,65,65,64,64,63,63,62,62,62,60,59,59,58,58,56,55,54,53,52,52,50,49,49,49,48,48,47,46,41,37,36,36,34,34,33,32,31,31,29,29,28,26,26,25,24,23,21,20,20,19,17,16,16,15,15,15,14,12,11,11,10,7,6,6,5,5,5,5,3,3,3 
220, - 0 to 5,5,3,4,5,1,2,1,3,1,1,2,3,3,2,4,1,1,1,2,1,5,4,5,5,5,2,2,1,4,1,3,3,1,2,2,1,2,4,5,1,3,3,2,1,1,5,1,3,2,3,3,4,5,3,2,3,3,4,4,3,4,2,3,4,1,3,3,4,4,1,2,1,4,2,1,5,3,5,2,1,4,2,1,1,5,4,1,5,3,1,1,3,3,5,5,5,3,2,2,5,4,4,3,1,3,5,1,1,3,2,5,2,4,3,1,1,3,3,3,3,2,1,5,5,4,5,1,1,4,4,3,3,4,3,1,3,3,4,3,4,5,4,5,3,2,4,3,5,5,4,2,4,4,5,2,3,3,3,5,4,1,5,1,1,4,4,4,1,4,4,1,4,1,2,2,3,3,5,4,4,4,5,1,4,1,1,2,1,3,3,2,4,1,4,5,5,1,1,5,1,1,3,5,3,4,3,4,5,1,2,2,3,5,5,4,4,4,3,4,5 
220, - 0 to 4000,1515,2033,1339,1500,1196,557,3466,3753,3641,431,2987,2703,3623,2822,1089,1531,2976,2471,1537,951,3605,3594,3470,3150,1910,2197,3367,1906,1919,3421,2623,3418,2101,1482,1837,1616,2962,859,2725,3211,93,3498,3367,3351,3646,2705,2166,2238,3792,2028,3308,449,3160,1793,12,903,1813,3134,1144,1338,824,1122,708,1869,2006,3583,2858,2114,3579,606,2112,1196,834,547,2631,2225,2658,3090,1477,2706,2859,2387,2486,2926,3570,2834,286,1315,8,3146,2786,2998,338,1250,1655,1750,3253,152,1147,3100,464,2974,3523,1141,3758,1475,1141,131,2428,2867,855,3937,2904,3553,2311,3621,683,1508,3948,843,1017,1471,2605,1680,1974,390,1601,2236,1274,1854,2438,3108,824,68,3606,3598,1708,1329,1623,2614,2515,1084,1810,2513,832,544,3623,3440,300,3999,3102,2599,1229,360,2977,1678,1803,53,200,3624,911,2360,1141,1251,124,919,2689,1471,3394,629,2871,3954,2736,947,3072,2443,3883,2455,94,629,3549,1420,3836,1279,911,906,2342,26,153,3448,22,1794,3641,654,2190,3840,2851,256,3085,16,1401,1208,1275,703,699,898,2119,1015,3776,2927,692,2333,3045,1810,3919,2234,3269,3983,3044,2490 
220, - half sorted,0,1,2,3,4,5,6,7,210,9,10,21,12,169,8,15,16,17,18,19,20,11,179,23,58,25,26,27,28,29,30,31,32,33,34,72,36,37,38,39,40,41,42,43,207,45,46,47,48,49,50,51,195,53,54,55,168,57,24,59,60,145,62,63,64,65,66,67,68,69,70,71,35,73,74,75,76,185,167,79,80,81,82,83,84,85,86,87,88,89,90,91,92,93,158,95,96,97,98,146,206,136,102,103,160,105,155,107,150,109,110,111,112,113,180,183,116,117,118,119,120,121,122,192,124,125,126,127,128,129,130,131,132,142,134,135,101,137,138,139,140,141,133,143,144,61,99,147,148,149,108,151,152,170,154,106,156,157,94,159,188,161,162,163,164,165,166,172,56,13,153,189,78,173,174,175,176,177,178,22,114,181,182,115,184,77,186,187,104,171,190,191,123,193,194,52,196,197,198,199,200,201,202,203,204,205,100,44,208,209,14,211,212,213,214,215,216,217,218,219 
220, - reversed,220,218,217,214,214,211,211,209,208,207,207,205,205,204,201,199,198,197,195,194,194,194,193,193,191,191,190,190,190,189,189,189,187,186,183,183,183,183,181,180,179,177,177,175,174,173,172,171,170,169,169,168,165,163,163,163,161,160,160,160,159,157,156,156,156,155,154,154,152,151,151,150,150,149,146,146,146,146,144,143,142,142,140,139,138,136,136,135,135,134,131,130,128,127,126,124,124,124,123,120,116,115,115,113,112,111,110,110,109,108,108,107,107,106,106,106,105,104,103,103,102,101,100,100,98,98,98,97,97,96,96,95,93,93,91,87,87,86,83,79,79,79,78,78,76,74,74,73,73,72,71,71,69,69,68,65,62,61,61,59,58,58,55,53,52,51,51,50,50,48,46,46,46,45,44,43,43,42,41,40,40,39,39,39,38,37,36,34,34,33,30,28,28,24,23,22,21,21,21,19,18,18,14,14,14,13,12,12,11,11,8,8,8,7,6,6,5,4,4,2 
230, - 0 to 5,5,3,4,5,1,2,1,3,1,1,2,3,3,2,4,1,1,1,2,1,5,4,5,5,5,2,2,1,4,1,3,3,1,2,2,1,2,4,5,1,3,3,2,1,1,5,1,3,2,3,3,4,5,3,2,3,3,4,4,3,4,2,3,4,1,3,3,4,4,1,2,1,4,2,1,5,3,5,2,1,4,2,1,1,5,4,1,5,3,1,1,3,3,5,5,5,3,2,2,5,4,4,3,1,3,5,1,1,3,2,5,2,4,3,1,1,3,3,3,3,2,1,5,5,4,5,1,1,4,4,3,3,4,3,1,3,3,4,3,4,5,4,5,3,2,4,3,5,5,4,2,4,4,5,2,3,3,3,5,4,1,5,1,1,4,4,4,1,4,4,1,4,1,2,2,3,3,5,4,4,4,5,1,4,1,1,2,1,3,3,2,4,1,4,5,5,1,1,5,1,1,3,5,3,4,3,4,5,1,2,2,3,5,5,4,4,4,3,4,5,5,1,3,2,5,1,1,5,1,4 
230, - 0 to 4000,1515,2033,1339,1500,1196,557,3466,3753,3641,431,2987,2703,3623,2822,1089,1531,2976,2471,1537,951,3605,3594,3470,3150,1910,2197,3367,1906,1919,3421,2623,3418,2101,1482,1837,1616,2962,859,2725,3211,93,3498,3367,3351,3646,2705,2166,2238,3792,2028,3308,449,3160,1793,12,903,1813,3134,1144,1338,824,1122,708,1869,2006,3583,2858,2114,3579,606,2112,1196,834,547,2631,2225,2658,3090,1477,2706,2859,2387,2486,2926,3570,2834,286,1315,8,3146,2786,2998,338,1250,1655,1750,3253,152,1147,3100,464,2974,3523,1141,3758,1475,1141,131,2428,2867,855,3937,2904,3553,2311,3621,683,1508,3948,843,1017,1471,2605,1680,1974,390,1601,2236,1274,1854,2438,3108,824,68,3606,3598,1708,1329,1623,2614,2515,1084,1810,2513,832,544,3623,3440,300,3999,3102,2599,1229,360,2977,1678,1803,53,200,3624,911,2360,1141,1251,124,919,2689,1471,3394,629,2871,3954,2736,947,3072,2443,3883,2455,94,629,3549,1420,3836,1279,911,906,2342,26,153,3448,22,1794,3641,654,2190,3840,2851,256,3085,16,1401,1208,1275,703,699,898,2119,1015,3776,2927,692,2333,3045,1810,3919,2234,3269,3983,3044,2490,1610,1941,3153,3282,355,1801,891,1925,3286,3429 
230, - half sorted,0,11,179,3,4,5,6,7,200,9,153,1,12,13,70,15,16,17,18,19,20,21,22,23,118,25,26,27,28,29,114,31,133,33,34,82,36,37,38,39,40,41,42,43,77,183,46,47,48,49,50,51,52,53,54,55,198,57,58,59,60,136,62,63,64,65,66,67,68,69,206,71,72,73,74,75,76,95,137,79,80,81,35,83,84,85,86,87,88,89,90,91,92,93,158,44,96,97,150,99,100,101,102,103,110,105,106,107,108,171,104,111,112,113,30,115,155,117,24,119,120,121,122,123,124,125,126,127,128,129,130,131,132,32,134,61,135,78,138,139,140,141,142,143,144,145,189,147,148,149,98,151,195,10,154,116,156,157,94,159,228,161,162,163,164,165,166,2,168,173,170,109,172,169,174,175,176,177,178,167,180,181,182,192,184,185,186,187,188,146,190,191,45,193,194,152,196,197,56,199,8,201,202,203,204,205,14,207,208,209,210,211,212,213,214,215,216,217,218,219,220,221,222,223,224,225,226,227,160,229 
230, - reversed,229,229,229,224,224,224,221,221,219,218,214,213,213,211,210,209,209,208,207,206,206,205,204,203,203,203,201,200,199,199,199,196,196,195,191,191,190,190,190,190,189,188,187,187,186,186,184,181,179,178,178,178,177,177,176,176,175,174,171,169,168,167,166,166,165,165,164,164,164,163,161,161,159,159,158,155,155,153,153,153,150,148,146,145,144,143,143,143,142,142,141,140,140,140,138,138,138,137,136,136,136,135,131,130,130,127,124,123,123,120,119,118,117,117,114,114,112,111,110,110,110,109,108,105,102,102,101,100,99,98,98,96,96,95,95,93,90,89,87,85,84,84,83,83,82,81,80,79,78,78,77,76,75,74,74,73,71,71,71,71,70,68,63,62,62,62,61,60,59,57,57,56,56,54,54,51,51,49,48,48,46,46,44,44,44,43,42,42,42,41,41,39,37,35,35,34,33,33,33,32,32,31,31,28,26,26,25,25,24,20,20,18,17,17,16,16,16,14,11,11,10,9,8,8,3,3,3,3,2,1 
240, - 0 to 5,5,3,4,5,1,2,1,3,1,1,2,3,3,2,4,1,1,1,2,1,5,4,5,5,5,2,2,1,4,1,3,3,1,2,2,1,2,4,5,1,3,3,2,1,1,5,1,3,2,3,3,4,5,3,2,3,3,4,4,3,4,2,3,4,1,3,3,4,4,1,2,1,4,2,1,5,3,5,2,1,4,2,1,1,5,4,1,5,3,1,1,3,3,5,5,5,3,2,2,5,4,4,3,1,3,5,1,1,3,2,5,2,4,3,1,1,3,3,3,3,2,1,5,5,4,5,1,1,4,4,3,3,4,3,1,3,3,4,3,4,5,4,5,3,2,4,3,5,5,4,2,4,4,5,2,3,3,3,5,4,1,5,1,1,4,4,4,1,4,4,1,4,1,2,2,3,3,5,4,4,4,5,1,4,1,1,2,1,3,3,2,4,1,4,5,5,1,1,5,1,1,3,5,3,4,3,4,5,1,2,2,3,5,5,4,4,4,3,4,5,5,1,3,2,5,1,1,5,1,4,2,4,4,5,1,2,1,2,5,3 
240, - 0 to 4000,1515,2033,1339,1500,1196,557,3466,3753,3641,431,2987,2703,3623,2822,1089,1531,2976,2471,1537,951,3605,3594,3470,3150,1910,2197,3367,1906,1919,3421,2623,3418,2101,1482,1837,1616,2962,859,2725,3211,93,3498,3367,3351,3646,2705,2166,2238,3792,2028,3308,449,3160,1793,12,903,1813,3134,1144,1338,824,1122,708,1869,2006,3583,2858,2114,3579,606,2112,1196,834,547,2631,2225,2658,3090,1477,2706,2859,2387,2486,2926,3570,2834,286,1315,8,3146,2786,2998,338,1250,1655,1750,3253,152,1147,3100,464,2974,3523,1141,3758,1475,1141,131,2428,2867,855,3937,2904,3553,2311,3621,683,1508,3948,843,1017,1471,2605,1680,1974,390,1601,2236,1274,1854,2438,3108,824,68,3606,3598,1708,1329,1623,2614,2515,1084,1810,2513,832,544,3623,3440,300,3999,3102,2599,1229,360,2977,1678,1803,53,200,3624,911,2360,1141,1251,124,919,2689,1471,3394,629,2871,3954,2736,947,3072,2443,3883,2455,94,629,3549,1420,3836,1279,911,906,2342,26,153,3448,22,1794,3641,654,2190,3840,2851,256,3085,16,1401,1208,1275,703,699,898,2119,1015,3776,2927,692,2333,3045,1810,3919,2234,3269,3983,3044,2490,1610,1941,3153,3282,355,1801,891,1925,3286,3429,3552,3144,24,3745,2061,612,731,3537,3345,3708 
240, - half sorted,0,1,2,3,4,5,6,7,190,9,10,101,12,13,230,183,16,17,18,19,20,21,22,23,238,25,26,44,28,29,30,31,32,33,34,172,36,37,38,39,40,41,42,43,27,77,46,47,48,49,50,51,52,53,54,55,108,57,58,59,60,136,179,63,64,65,66,67,68,69,70,71,72,73,74,75,76,45,167,79,80,81,82,192,84,85,86,87,88,89,90,91,92,93,94,95,96,97,98,99,100,11,102,103,180,105,106,107,114,171,110,111,195,113,160,115,116,117,118,146,120,121,122,123,124,125,126,127,128,129,130,131,132,182,134,135,205,137,138,139,206,141,142,143,144,145,155,147,148,149,153,151,78,208,154,119,156,157,214,159,56,161,162,163,164,165,166,152,168,193,170,109,35,173,174,175,176,177,178,62,104,181,133,15,184,185,186,187,188,189,8,191,83,169,194,112,196,197,198,199,200,201,202,203,204,61,140,207,150,209,210,211,212,213,158,215,216,217,218,219,220,221,222,223,224,225,226,227,228,229,14,231,232,233,234,235,236,237,24,239 
240, - reversed,240,240,239,238,238,238,237,235,235,232,231,231,230,230,229,229,228,228,228,228,225,220,219,218,215,215,213,212,212,210,210,209,209,206,206,204,203,203,203,202,201,199,197,195,194,194,194,194,194,192,191,191,190,188,188,187,186,184,183,183,182,181,181,181,181,181,178,178,177,177,177,174,174,174,173,172,171,171,170,168,168,167,166,166,165,165,165,162,161,159,158,157,156,156,154,153,153,151,151,151,150,149,147,147,147,146,146,145,145,145,143,143,143,141,140,140,140,139,138,135,135,134,130,130,125,125,124,123,123,121,121,120,120,120,119,119,118,115,113,113,113,113,113,110,109,109,108,107,106,104,103,102,96,96,96,94,93,90,86,86,84,83,82,80,79,79,76,76,74,74,71,69,67,66,64,64,63,63,62,61,59,59,59,58,58,57,54,53,53,51,51,51,50,49,49,47,46,46,41,40,38,37,35,35,34,32,32,32,32,31,31,31,30,29,28,28,28,26,26,24,24,24,24,24,23,22,21,18,17,16,16,16,14,11,11,8,7,6,5,2 
250, - 0 to 5,5,3,4,5,1,2,1,3,1,1,2,3,3,2,4,1,1,1,2,1,5,4,5,5,5,2,2,1,4,1,3,3,1,2,2,1,2,4,5,1,3,3,2,1,1,5,1,3,2,3,3,4,5,3,2,3,3,4,4,3,4,2,3,4,1,3,3,4,4,1,2,1,4,2,1,5,3,5,2,1,4,2,1,1,5,4,1,5,3,1,1,3,3,5,5,5,3,2,2,5,4,4,3,1,3,5,1,1,3,2,5,2,4,3,1,1,3,3,3,3,2,1,5,5,4,5,1,1,4,4,3,3,4,3,1,3,3,4,3,4,5,4,5,3,2,4,3,5,5,4,2,4,4,5,2,3,3,3,5,4,1,5,1,1,4,4,4,1,4,4,1,4,1,2,2,3,3,5,4,4,4,5,1,4,1,1,2,1,3,3,2,4,1,4,5,5,1,1,5,1,1,3,5,3,4,3,4,5,1,2,2,3,5,5,4,4,4,3,4,5,5,1,3,2,5,1,1,5,1,4,2,4,4,5,1,2,1,2,5,3,5,5,4,1,3,4,1,5,1,1 
250, - 0 to 4000,1515,2033,1339,1500,1196,557,3466,3753,3641,431,2987,2703,3623,2822,1089,1531,2976,2471,1537,951,3605,3594,3470,3150,1910,2197,3367,1906,1919,3421,2623,3418,2101,1482,1837,1616,2962,859,2725,3211,93,3498,3367,3351,3646,2705,2166,2238,3792,2028,3308,449,3160,1793,12,903,1813,3134,1144,1338,824,1122,708,1869,2006,3583,2858,2114,3579,606,2112,1196,834,547,2631,2225,2658,3090,1477,2706,2859,2387,2486,2926,3570,2834,286,1315,8,3146,2786,2998,338,1250,1655,1750,3253,152,1147,3100,464,2974,3523,1141,3758,1475,1141,131,2428,2867,855,3937,2904,3553,2311,3621,683,1508,3948,843,1017,1471,2605,1680,1974,390,1601,2236,1274,1854,2438,3108,824,68,3606,3598,1708,1329,1623,2614,2515,1084,1810,2513,832,544,3623,3440,300,3999,3102,2599,1229,360,2977,1678,1803,53,200,3624,911,2360,1141,1251,124,919,2689,1471,3394,629,2871,3954,2736,947,3072,2443,3883,2455,94,629,3549,1420,3836,1279,911,906,2342,26,153,3448,22,1794,3641,654,2190,3840,2851,256,3085,16,1401,1208,1275,703,699,898,2119,1015,3776,2927,692,2333,3045,1810,3919,2234,3269,3983,3044,2490,1610,1941,3153,3282,355,1801,891,1925,3286,3429,3552,3144,24,3745,2061,612,731,3537,3345,3708,3335,910,2289,2736,428,3674,3101,3170,151,3006 
250, - half sorted,0,1,2,3,4,5,6,78,180,9,10,71,12,13,220,15,16,17,18,19,20,21,22,23,168,183,26,27,28,29,30,31,32,33,245,77,36,37,38,39,40,41,42,192,57,45,46,47,160,49,50,51,52,53,54,55,118,44,58,59,206,105,62,63,64,65,66,67,68,69,70,11,72,73,74,75,76,92,7,79,80,81,82,83,84,85,86,87,88,89,90,91,35,93,94,95,96,97,98,99,114,136,102,103,120,61,106,107,108,146,110,111,112,113,100,115,116,117,56,119,153,121,133,123,124,125,126,127,128,129,130,131,132,122,134,135,101,137,138,139,140,141,142,143,144,145,109,147,148,149,188,151,195,104,154,196,156,157,204,159,48,161,162,163,164,165,166,152,24,43,170,189,172,173,174,175,176,177,178,202,8,181,182,25,184,185,186,187,150,171,190,191,169,193,194,167,155,197,198,199,200,201,179,203,158,205,60,207,208,209,210,211,212,213,214,215,216,217,218,219,14,221,222,223,224,225,226,227,228,229,230,231,232,233,234,235,236,237,238,239,240,241,242,243,244,34,246,247,248,249 
250, - reversed,250,250,250,249,248,248,245,240,238,237,236,236,236,236,234,233,232,231,229,227,227,226,225,225,225,224,224,221,221,221,220,216,214,212,211,208,208,208,208,206,205,205,204,203,203,201,200,199,199,198,198,197,197,196,196,193,192,191,190,190,189,188,187,183,181,180,179,178,178,178,177,176,175,174,171,170,170,169,169,169,168,166,161,161,160,160,160,158,156,156,155,154,154,153,153,153,152,151,151,150,148,147,146,146,144,144,144,141,141,141,141,141,141,140,137,134,133,131,131,129,129,124,124,123,123,123,123,122,121,121,119,119,117,117,117,116,114,114,112,112,110,110,110,109,109,108,108,106,106,105,105,105,105,104,102,101,101,101,101,101,100,99,98,95,94,94,93,93,92,90,90,89,89,88,88,87,86,85,85,84,84,84,83,83,82,79,79,74,74,72,72,70,68,65,63,61,61,60,60,58,57,53,53,53,52,51,50,49,47,45,44,44,44,43,42,39,37,37,36,36,36,33,32,31,29,28,26,26,25,24,24,23,22,19,17,16,15,15,15,13,12,8,8,8,6,6,6,3,3,1 
260, - 0 to 5,5,3,4,5,1,2,1,3,1,1,2,3,3,2,4,1,1,1,2,1,5,4,5,5,5,2,2,1,4,1,3,3,1,2,2,1,2,4,5,1,3,3,2,1,1,5,1,3,2,3,3,4,5,3,2,3,3,4,4,3,4,2,3,4,1,3,3,4,4,1,2,1,4,2,1,5,3,5,2,1,4,2,1,1,5,4,1,5,3,1,1,3,3,5,5,5,3,2,2,5,4,4,3,1,3,5,1,1,3,2,5,2,4,3,1,1,3,3,3,3,2,1,5,5,4,5,1,1,4,4,3,3,4,3,1,3,3,4,3,4,5,4,5,3,2,4,3,5,5,4,2,4,4,5,2,3,3,3,5,4,1,5,1,1,4,4,4,1,4,4,1,4,1,2,2,3,3,5,4,4,4,5,1,4,1,1,2,1,3,3,2,4,1,4,5,5,1,1,5,1,1,3,5,3,4,3,4,5,1,2,2,3,5,5,4,4,4,3,4,5,5,1,3,2,5,1,1,5,1,4,2,4,4,5,1,2,1,2,5,3,5,5,4,1,3,4,1,5,1,1,2,1,4,3,5,2,5,3,1,3 
260, - 0 to 4000,1515,2033,1339,1500,1196,557,3466,3753,3641,431,2987,2703,3623,2822,1089,1531,2976,2471,1537,951,3605,3594,3470,3150,1910,2197,3367,1906,1919,3421,2623,3418,2101,1482,1837,1616,2962,859,2725,3211,93,3498,3367,3351,3646,2705,2166,2238,3792,2028,3308,449,3160,1793,12,903,1813,3134,1144,1338,824,1122,708,1869,2006,3583,2858,2114,3579,606,2112,1196,834,547,2631,2225,2658,3090,1477,2706,2859,2387,2486,2926,3570,2834,286,1315,8,3146,2786,2998,338,1250,1655,1750,3253,152,1147,3100,464,2974,3523,1141,3758,1475,1141,131,2428,2867,855,3937,2904,3553,2311,3621,683,1508,3948,843,1017,1471,2605,1680,1974,390,1601,2236,1274,1854,2438,3108,824,68,3606,3598,1708,1329,1623,2614,2515,1084,1810,2513,832,544,3623,3440,300,3999,3102,2599,1229,360,2977,1678,1803,53,200,3624,911,2360,1141,1251,124,919,2689,1471,3394,629,2871,3954,2736,947,3072,2443,3883,2455,94,629,3549,1420,3836,1279,911,906,2342,26,153,3448,22,1794,3641,654,2190,3840,2851,256,3085,16,1401,1208,1275,703,699,898,2119,1015,3776,2927,692,2333,3045,1810,3919,2234,3269,3983,3044,2490,1610,1941,3153,3282,355,1801,891,1925,3286,3429,3552,3144,24,3745,2061,612,731,3537,3345,3708,3335,910,2289,2736,428,3674,3101,3170,151,3006,1187,1111,2084,598,2595,2207,1810,3408,611,3288 
260, - half sorted,0,1,2,3,4,5,155,7,150,9,14,141,195,13,10,15,16,17,18,19,20,21,22,23,138,25,26,27,28,29,30,31,32,33,158,72,36,37,38,39,40,41,42,43,167,45,46,47,104,49,50,51,52,53,54,55,228,57,58,59,206,65,62,253,64,77,66,67,68,69,70,71,35,73,74,183,76,61,147,79,114,81,133,83,84,85,86,87,88,171,90,91,92,93,94,95,96,97,98,99,100,101,102,103,160,105,106,107,108,109,110,111,112,113,80,115,116,117,118,119,120,121,122,123,124,125,126,127,128,129,130,131,132,82,134,135,181,137,24,139,140,11,142,143,144,145,159,78,148,149,153,151,152,170,154,6,156,157,34,146,48,161,179,163,164,165,166,232,168,213,8,89,172,173,174,175,176,177,178,162,180,136,182,75,184,185,186,187,188,189,190,191,63,193,194,12,196,197,198,199,200,201,202,203,245,205,60,207,208,209,210,211,212,169,214,215,216,217,218,219,220,221,222,223,224,225,226,227,56,229,230,231,44,233,234,235,236,237,238,239,240,241,242,243,244,204,246,247,248,249,250,251,252,192,254,255,256,257,258,259 
260, - reversed,259,259,258,256,256,255,254,254,248,244,242,242,241,241,240,240,239,238,237,235,234,234,234,233,232,230,229,226,224,221,218,218,218,217,216,216,215,214,212,211,211,211,210,208,208,207,203,199,196,194,193,191,191,190,188,188,188,186,184,183,182,182,181,181,180,179,179,179,178,176,175,175,175,173,173,173,171,171,171,171,170,170,169,169,168,168,168,167,167,166,163,163,161,161,160,160,158,154,154,153,152,152,152,152,151,150,149,148,147,147,146,145,144,143,143,142,141,139,139,138,138,136,135,131,131,129,129,129,128,126,126,126,124,123,120,120,118,117,117,115,111,111,108,105,105,104,104,104,102,101,100,100,99,97,97,95,94,94,92,90,90,90,88,87,86,86,85,85,84,83,83,81,81,78,76,76,74,74,73,71,71,70,70,67,66,66,66,65,64,64,63,62,61,61,60,58,55,54,54,53,53,53,51,51,50,50,49,48,48,47,46,46,44,43,43,41,40,38,36,35,34,33,32,30,30,29,29,27,27,26,25,24,23,23,23,19,19,18,17,17,17,16,15,14,13,12,11,11,11,10,9,9,8,7,6,6,5,5,5,2 
270, - 0 to 5,5,3,4,5,1,2,1,3,1,1,2,3,3,2,4,1,1,1,2,1,5,4,5,5,5,2,2,1,4,1,3,3,1,2,2,1,2,4,5,1,3,3,2,1,1,5,1,3,2,3,3,4,5,3,2,3,3,4,4,3,4,2,3,4,1,3,3,4,4,1,2,1,4,2,1,5,3,5,2,1,4,2,1,1,5,4,1,5,3,1,1,3,3,5,5,5,3,2,2,5,4,4,3,1,3,5,1,1,3,2,5,2,4,3,1,1,3,3,3,3,2,1,5,5,4,5,1,1,4,4,3,3,4,3,1,3,3,4,3,4,5,4,5,3,2,4,3,5,5,4,2,4,4,5,2,3,3,3,5,4,1,5,1,1,4,4,4,1,4,4,1,4,1,2,2,3,3,5,4,4,4,5,1,4,1,1,2,1,3,3,2,4,1,4,5,5,1,1,5,1,1,3,5,3,4,3,4,5,1,2,2,3,5,5,4,4,4,3,4,5,5,1,3,2,5,1,1,5,1,4,2,4,4,5,1,2,1,2,5,3,5,5,4,1,3,4,1,5,1,1,2,1,4,3,5,2,5,3,1,3,2,4,2,2,1,4,1,4,4,4 
270, - 0 to 4000,1515,2033,1339,1500,1196,557,3466,3753,3641,431,2987,2703,3623,2822,1089,1531,2976,2471,1537,951,3605,3594,3470,3150,1910,2197,3367,1906,1919,3421,2623,3418,2101,1482,1837,1616,2962,859,2725,3211,93,3498,3367,3351,3646,2705,2166,2238,3792,2028,3308,449,3160,1793,12,903,1813,3134,1144,1338,824,1122,708,1869,2006,3583,2858,2114,3579,606,2112,1196,834,547,2631,2225,2658,3090,1477,2706,2859,2387,2486,2926,3570,2834,286,1315,8,3146,2786,2998,338,1250,1655,1750,3253,152,1147,3100,464,2974,3523,1141,3758,1475,1141,131,2428,2867,855,3937,2904,3553,2311,3621,683,1508,3948,843,1017,1471,2605,1680,1974,390,1601,2236,1274,1854,2438,3108,824,68,3606,3598,1708,1329,1623,2614,2515,1084,1810,2513,832,544,3623,3440,300,3999,3102,2599,1229,360,2977,1678,1803,53,200,3624,911,2360,1141,1251,124,919,2689,1471,3394,629,2871,3954,2736,947,3072,2443,3883,2455,94,629,3549,1420,3836,1279,911,906,2342,26,153,3448,22,1794,3641,654,2190,3840,2851,256,3085,16,1401,1208,1275,703,699,898,2119,1015,3776,2927,692,2333,3045,1810,3919,2234,3269,3983,3044,2490,1610,1941,3153,3282,355,1801,891,1925,3286,3429,3552,3144,24,3745,2061,612,731,3537,3345,3708,3335,910,2289,2736,428,3674,3101,3170,151,3006,1187,1111,2084,598,2595,2207,1810,3408,611,3288,3197,3024,67,2352,1896,1464,2516,2474,2489,2854 
270, - half sorted,0,1,2,3,4,5,6,7,160,9,10,41,12,13,110,15,16,17,18,19,20,21,22,23,148,25,26,27,28,29,104,136,32,33,34,112,36,37,38,39,40,11,42,253,87,45,46,47,48,171,50,51,52,53,54,55,168,57,58,59,60,85,133,63,64,65,66,67,68,69,70,71,72,73,74,75,76,78,135,79,80,81,82,83,84,61,155,44,88,89,90,91,92,93,94,95,96,97,98,99,114,101,102,103,30,105,106,107,8,109,14,111,35,113,100,115,116,117,118,119,120,121,167,123,124,125,126,127,128,129,263,131,132,62,134,77,31,137,138,139,206,141,142,192,144,145,269,147,24,149,178,151,152,240,154,86,156,157,214,159,108,161,162,163,164,183,166,122,56,193,170,49,172,173,174,175,176,177,150,182,180,181,179,165,184,185,186,187,188,189,190,191,143,169,194,202,196,197,198,199,200,201,195,203,245,205,140,207,208,209,210,211,212,213,158,215,216,217,218,219,220,221,222,223,224,225,226,227,228,229,230,231,232,233,234,235,236,237,238,239,153,241,242,243,244,204,246,247,248,249,250,251,252,43,254,255,256,257,258,259,260,261,262,130,264,265,266,267,268,146 
270, - reversed,270,268,267,266,265,264,263,263,262,260,257,257,256,255,254,251,251,248,248,247,244,244,243,242,242,241,241,239,238,237,235,235,235,234,234,230,229,229,226,225,225,225,224,224,218,215,215,214,214,214,213,213,212,211,210,208,208,208,207,206,204,204,203,203,203,201,200,200,199,198,197,196,195,194,192,191,191,187,187,186,186,186,183,182,181,180,179,177,177,177,176,174,173,171,171,171,170,170,169,168,168,167,166,166,166,164,161,161,160,159,159,158,158,154,151,151,150,150,149,148,148,148,147,146,144,144,143,142,141,138,138,136,134,128,126,126,126,126,125,125,123,123,121,121,120,120,119,118,116,113,113,113,113,113,111,111,110,109,109,109,108,108,106,105,101,100,100,99,93,90,89,88,88,88,87,86,86,86,85,84,84,84,83,83,82,80,79,78,77,76,76,74,74,74,74,74,70,67,66,65,64,64,63,62,62,61,61,60,59,58,57,55,53,53,52,52,51,51,51,50,49,49,47,45,42,40,40,39,37,36,35,35,34,34,33,32,31,31,31,31,31,30,29,29,29,29,28,27,26,25,21,20,20,19,18,18,16,15,14,14,13,12,12,11,7,6,3,2,2,1 
280, - 0 to 5,5,3,4,5,1,2,1,3,1,1,2,3,3,2,4,1,1,1,2,1,5,4,5,5,5,2,2,1,4,1,3,3,1,2,2,1,2,4,5,1,3,3,2,1,1,5,1,3,2,3,3,4,5,3,2,3,3,4,4,3,4,2,3,4,1,3,3,4,4,1,2,1,4,2,1,5,3,5,2,1,4,2,1,1,5,4,1,5,3,1,1,3,3,5,5,5,3,2,2,5,4,4,3,1,3,5,1,1,3,2,5,2,4,3,1,1,3,3,3,3,2,1,5,5,4,5,1,1,4,4,3,3,4,3,1,3,3,4,3,4,5,4,5,3,2,4,3,5,5,4,2,4,4,5,2,3,3,3,5,4,1,5,1,1,4,4,4,1,4,4,1,4,1,2,2,3,3,5,4,4,4,5,1,4,1,1,2,1,3,3,2,4,1,4,5,5,1,1,5,1,1,3,5,3,4,3,4,5,1,2,2,3,5,5,4,4,4,3,4,5,5,1,3,2,5,1,1,5,1,4,2,4,4,5,1,2,1,2,5,3,5,5,4,1,3,4,1,5,1,1,2,1,4,3,5,2,5,3,1,3,2,4,2,2,1,4,1,4,4,4,4,3,2,5,5,1,5,1,4,4 
280, - 0 to 4000,1515,2033,1339,1500,1196,557,3466,3753,3641,431,2987,2703,3623,2822,1089,1531,2976,2471,1537,951,3605,3594,3470,3150,1910,2197,3367,1906,1919,3421,2623,3418,2101,1482,1837,1616,2962,859,2725,3211,93,3498,3367,3351,3646,2705,2166,2238,3792,2028,3308,449,3160,1793,12,903,1813,3134,1144,1338,824,1122,708,1869,2006,3583,2858,2114,3579,606,2112,1196,834,547,2631,2225,2658,3090,1477,2706,2859,2387,2486,2926,3570,2834,286,1315,8,3146,2786,2998,338,1250,1655,1750,3253,152,1147,3100,464,2974,3523,1141,3758,1475,1141,131,2428,2867,855,3937,2904,3553,2311,3621,683,1508,3948,843,1017,1471,2605,1680,1974,390,1601,2236,1274,1854,2438,3108,824,68,3606,3598,1708,1329,1623,2614,2515,1084,1810,2513,832,544,3623,3440,300,3999,3102,2599,1229,360,2977,1678,1803,53,200,3624,911,2360,1141,1251,124,919,2689,1471,3394,629,2871,3954,2736,947,3072,2443,3883,2455,94,629,3549,1420,3836,1279,911,906,2342,26,153,3448,22,1794,3641,654,2190,3840,2851,256,3085,16,1401,1208,1275,703,699,898,2119,1015,3776,2927,692,2333,3045,1810,3919,2234,3269,3983,3044,2490,1610,1941,3153,3282,355,1801,891,1925,3286,3429,3552,3144,24,3745,2061,612,731,3537,3345,3708,3335,910,2289,2736,428,3674,3101,3170,151,3006,1187,1111,2084,598,2595,2207,1810,3408,611,3288,3197,3024,67,2352,1896,1464,2516,2474,2489,2854,1124,3588,1257,670,285,1526,3900,906,1584,2909 
280, - half sorted,0,1,2,192,77,5,6,7,150,9,10,21,12,13,270,183,16,17,18,19,206,11,22,23,198,25,26,27,28,29,30,31,32,33,34,212,36,37,38,39,40,41,42,43,67,45,46,78,48,49,50,51,52,53,272,55,188,57,58,59,60,165,133,63,64,65,66,44,68,171,70,71,167,73,74,75,76,245,47,79,80,81,82,83,84,85,86,87,88,89,90,91,92,93,94,95,96,97,98,99,100,101,102,253,260,105,106,107,108,109,153,111,112,113,160,115,116,117,118,119,120,121,122,123,124,125,126,127,128,129,130,131,132,62,134,135,181,137,138,139,140,141,142,143,144,145,159,147,148,149,168,151,152,110,154,186,156,157,214,146,228,161,162,163,164,61,166,72,8,233,170,69,172,173,174,175,176,177,178,262,180,136,182,15,184,185,155,187,56,189,190,191,195,193,194,3,196,197,24,199,200,201,202,203,204,205,20,207,208,209,210,211,35,213,158,215,216,217,218,219,220,221,222,223,224,225,226,227,114,229,230,231,232,169,234,235,271,237,238,239,240,241,242,243,244,4,246,247,248,249,250,251,252,103,254,255,256,257,258,259,104,261,179,14,264,265,266,267,268,269,263,236,54,273,274,275,276,277,278,279 
280, - reversed,280,278,278,278,277,275,274,274,274,274,273,273,272,272,271,271,270,269,268,268,266,263,263,262,261,259,256,255,251,249,249,248,247,246,246,246,246,245,244,244,241,241,238,238,237,236,234,233,231,231,231,230,229,227,227,227,227,226,226,225,224,224,223,223,221,221,221,220,220,219,218,216,215,214,213,212,211,210,210,207,206,206,206,205,203,203,202,200,199,199,197,195,194,193,191,190,189,189,188,188,188,187,184,184,182,180,178,177,176,176,174,174,173,171,171,171,169,168,166,166,165,165,164,164,163,161,160,160,160,158,158,157,156,156,155,154,152,152,151,151,151,150,150,149,149,148,148,148,148,146,145,144,143,143,143,141,139,139,138,137,137,135,134,133,133,131,131,130,130,126,123,122,121,121,120,119,119,119,116,112,111,111,111,110,106,106,106,105,104,104,104,103,102,101,98,97,96,96,94,94,93,92,90,90,90,90,89,89,88,86,85,83,82,82,80,79,79,77,75,75,75,74,74,73,70,70,68,67,67,64,64,64,63,60,58,58,56,54,54,52,48,48,47,43,36,35,34,34,33,33,32,32,31,29,29,28,28,27,26,25,24,22,21,21,21,20,19,18,17,17,16,15,15,11,10,9,7,5,5,4 
290, - 0 to 5,5,3,4,5,1,2,1,3,1,1,2,3,3,2,4,1,1,1,2,1,5,4,5,5,5,2,2,1,4,1,3,3,1,2,2,1,2,4,5,1,3,3,2,1,1,5,1,3,2,3,3,4,5,3,2,3,3,4,4,3,4,2,3,4,1,3,3,4,4,1,2,1,4,2,1,5,3,5,2,1,4,2,1,1,5,4,1,5,3,1,1,3,3,5,5,5,3,2,2,5,4,4,3,1,3,5,1,1,3,2,5,2,4,3,1,1,3,3,3,3,2,1,5,5,4,5,1,1,4,4,3,3,4,3,1,3,3,4,3,4,5,4,5,3,2,4,3,5,5,4,2,4,4,5,2,3,3,3,5,4,1,5,1,1,4,4,4,1,4,4,1,4,1,2,2,3,3,5,4,4,4,5,1,4,1,1,2,1,3,3,2,4,1,4,5,5,1,1,5,1,1,3,5,3,4,3,4,5,1,2,2,3,5,5,4,4,4,3,4,5,5,1,3,2,5,1,1,5,1,4,2,4,4,5,1,2,1,2,5,3,5,5,4,1,3,4,1,5,1,1,2,1,4,3,5,2,5,3,1,3,2,4,2,2,1,4,1,4,4,4,4,3,2,5,5,1,5,1,4,4,2,1,1,4,4,2,3,2,5,4 
290, - 0 to 4000,1515,2033,1339,1500,1196,557,3466,3753,3641,431,2987,2703,3623,2822,1089,1531,2976,2471,1537,951,3605,3594,3470,3150,1910,2197,3367,1906,1919,3421,2623,3418,2101,1482,1837,1616,2962,859,2725,3211,93,3498,3367,3351,3646,2705,2166,2238,3792,2028,3308,449,3160,1793,12,903,1813,3134,1144,1338,824,1122,708,1869,2006,3583,2858,2114,3579,606,2112,1196,834,547,2631,2225,2658,3090,1477,2706,2859,2387,2486,2926,3570,2834,286,1315,8,3146,2786,2998,338,1250,1655,1750,3253,152,1147,3100,464,2974,3523,1141,3758,1475,1141,131,2428,2867,855,3937,2904,3553,2311,3621,683,1508,3948,843,1017,1471,2605,1680,1974,390,1601,2236,1274,1854,2438,3108,824,68,3606,3598,1708,1329,1623,2614,2515,1084,1810,2513,832,544,3623,3440,300,3999,3102,2599,1229,360,2977,1678,1803,53,200,3624,911,2360,1141,1251,124,919,2689,1471,3394,629,2871,3954,2736,947,3072,2443,3883,2455,94,629,3549,1420,3836,1279,911,906,2342,26,153,3448,22,1794,3641,654,2190,3840,2851,256,3085,16,1401,1208,1275,703,699,898,2119,1015,3776,2927,692,2333,3045,1810,3919,2234,3269,3983,3044,2490,1610,1941,3153,3282,355,1801,891,1925,3286,3429,3552,3144,24,3745,2061,612,731,3537,3345,3708,3335,910,2289,2736,428,3674,3101,3170,151,3006,1187,1111,2084,598,2595,2207,1810,3408,611,3288,3197,3024,67,2352,1896,1464,2516,2474,2489,2854,1124,3588,1257,670,285,1526,3900,906,1584,2909,1742,1471,11,664,3439,642,563,3347,945,2859 
290, - half sorted,0,1,2,3,158,5,6,7,140,9,104,81,12,13,200,61,155,17,18,19,153,21,22,23,288,25,286,27,28,29,30,31,32,33,34,82,36,37,38,39,40,41,42,169,107,45,46,47,48,49,50,51,52,53,54,55,24,78,58,59,60,15,62,63,64,65,66,67,68,69,70,71,72,73,74,75,76,105,57,79,80,136,167,83,84,85,86,87,88,146,90,91,92,93,94,95,96,97,98,99,100,101,102,103,272,77,106,44,108,109,110,111,179,113,260,115,116,117,160,119,120,121,122,123,124,125,126,127,128,129,130,131,132,35,134,135,11,137,138,139,8,141,142,143,144,145,89,147,148,171,238,151,152,20,245,16,271,157,4,159,118,161,162,163,164,165,166,133,168,43,170,149,172,173,174,183,176,177,178,112,180,181,182,175,184,185,186,187,188,189,190,191,193,192,194,242,196,197,198,199,263,201,202,203,204,205,250,207,208,209,210,211,212,213,214,215,216,217,218,219,220,221,222,223,224,225,226,227,228,229,230,231,232,233,234,235,236,237,150,239,240,241,195,253,244,154,246,247,248,249,206,251,252,243,254,255,256,257,258,259,114,261,262,14,264,265,266,267,268,269,270,156,10,284,274,275,276,277,278,279,280,281,282,283,273,285,26,287,56,289 
290, - reversed,290,289,289,289,288,288,287,287,286,285,285,284,284,283,283,279,278,277,273,271,271,270,270,268,267,266,266,265,265,265,264,263,261,257,257,257,256,255,254,253,251,251,248,248,247,246,244,244,244,243,241,241,239,238,237,237,235,234,233,232,230,229,229,229,228,225,224,224,223,223,222,220,219,219,218,218,218,211,209,208,208,208,208,206,206,204,203,203,203,202,201,201,201,197,196,194,193,192,192,191,190,190,189,189,189,186,186,184,184,181,181,181,181,180,180,180,180,176,176,174,173,173,173,170,169,167,165,164,164,161,159,158,158,157,156,155,153,151,150,149,149,149,149,149,147,147,146,146,145,145,144,144,143,141,141,140,139,139,138,137,137,137,135,135,134,132,131,131,131,130,130,130,128,126,126,124,124,123,122,121,120,119,118,118,115,114,114,114,113,112,108,106,103,100,98,98,96,93,93,91,90,90,90,86,86,85,84,83,83,83,82,82,79,78,78,76,75,75,75,74,74,72,71,70,70,70,69,67,67,66,64,62,62,61,61,58,56,55,55,53,52,52,51,50,49,47,46,46,44,44,44,41,40,40,38,36,32,32,31,30,29,28,27,26,25,23,22,22,22,21,21,21,18,17,16,16,16,15,14,14,14,11,11,11,8,7,6,5,4,4 
300, - 0 to 5,5,3,4,5,1,2,1,3,1,1,2,3,3,2,4,1,1,1,2,1,5,4,5,5,5,2,2,1,4,1,3,3,1,2,2,1,2,4,5,1,3,3,2,1,1,5,1,3,2,3,3,4,5,3,2,3,3,4,4,3,4,2,3,4,1,3,3,4,4,1,2,1,4,2,1,5,3,5,2,1,4,2,1,1,5,4,1,5,3,1,1,3,3,5,5,5,3,2,2,5,4,4,3,1,3,5,1,1,3,2,5,2,4,3,1,1,3,3,3,3,2,1,5,5,4,5,1,1,4,4,3,3,4,3,1,3,3,4,3,4,5,4,5,3,2,4,3,5,5,4,2,4,4,5,2,3,3,3,5,4,1,5,1,1,4,4,4,1,4,4,1,4,1,2,2,3,3,5,4,4,4,5,1,4,1,1,2,1,3,3,2,4,1,4,5,5,1,1,5,1,1,3,5,3,4,3,4,5,1,2,2,3,5,5,4,4,4,3,4,5,5,1,3,2,5,1,1,5,1,4,2,4,4,5,1,2,1,2,5,3,5,5,4,1,3,4,1,5,1,1,2,1,4,3,5,2,5,3,1,3,2,4,2,2,1,4,1,4,4,4,4,3,2,5,5,1,5,1,4,4,2,1,1,4,4,2,3,2,5,4,1,4,1,3,1,2,2,2,3,2 
300, - 0 to 4000,1515,2033,1339,1500,1196,557,3466,3753,3641,431,2987,2703,3623,2822,1089,1531,2976,2471,1537,951,3605,3594,3470,3150,1910,2197,3367,1906,1919,3421,2623,3418,2101,1482,1837,1616,2962,859,2725,3211,93,3498,3367,3351,3646,2705,2166,2238,3792,2028,3308,449,3160,1793,12,903,1813,3134,1144,1338,824,1122,708,1869,2006,3583,2858,2114,3579,606,2112,1196,834,547,2631,2225,2658,3090,1477,2706,2859,2387,2486,2926,3570,2834,286,1315,8,3146,2786,2998,338,1250,1655,1750,3253,152,1147,3100,464,2974,3523,1141,3758,1475,1141,131,2428,2867,855,3937,2904,3553,2311,3621,683,1508,3948,843,1017,1471,2605,1680,1974,390,1601,2236,1274,1854,2438,3108,824,68,3606,3598,1708,1329,1623,2614,2515,1084,1810,2513,832,544,3623,3440,300,3999,3102,2599,1229,360,2977,1678,1803,53,200,3624,911,2360,1141,1251,124,919,2689,1471,3394,629,2871,3954,2736,947,3072,2443,3883,2455,94,629,3549,1420,3836,1279,911,906,2342,26,153,3448,22,1794,3641,654,2190,3840,2851,256,3085,16,1401,1208,1275,703,699,898,2119,1015,3776,2927,692,2333,3045,1810,3919,2234,3269,3983,3044,2490,1610,1941,3153,3282,355,1801,891,1925,3286,3429,3552,3144,24,3745,2061,612,731,3537,3345,3708,3335,910,2289,2736,428,3674,3101,3170,151,3006,1187,1111,2084,598,2595,2207,1810,3408,611,3288,3197,3024,67,2352,1896,1464,2516,2474,2489,2854,1124,3588,1257,670,285,1526,3900,906,1584,2909,1742,1471,11,664,3439,642,563,3347,945,2859,3086,2754,2911,553,2591,3792,592,2597,3063,282 
300, - half sorted,0,136,179,3,4,5,6,7,130,9,10,221,12,13,170,15,16,17,18,19,20,21,22,23,118,25,26,27,28,29,30,31,32,33,34,292,36,37,38,39,40,41,42,43,207,45,46,47,160,49,50,51,195,53,54,55,168,57,58,146,60,205,62,63,64,65,66,67,68,69,70,71,72,73,74,183,76,285,107,79,80,81,82,83,245,85,286,87,150,89,90,91,92,93,94,95,96,97,98,99,114,101,102,103,120,105,106,78,108,109,110,111,112,113,100,115,116,117,24,119,104,121,133,284,124,125,126,127,128,129,8,131,132,122,134,135,271,137,138,139,140,141,142,192,144,145,155,147,148,149,88,151,167,270,158,59,156,157,154,159,48,161,162,253,164,165,166,152,56,193,14,289,172,173,174,175,176,177,178,2,180,181,182,75,184,185,186,187,188,189,263,191,143,169,194,52,196,197,198,199,200,201,202,203,204,61,260,44,208,209,210,211,212,213,272,215,216,217,218,219,220,11,222,223,224,225,226,227,228,229,230,231,232,233,234,235,236,237,238,239,240,241,242,243,244,84,246,247,248,249,250,251,252,163,254,255,256,257,258,259,206,261,262,190,264,265,266,267,268,269,153,1,214,273,274,275,276,277,278,279,280,281,282,283,123,77,86,287,288,171,290,291,35,293,294,295,296,297,298,299 
300, - reversed,300,299,299,298,298,298,298,298,297,297,295,293,293,291,290,290,290,289,288,288,286,286,286,284,282,279,278,275,274,272,271,271,270,270,269,267,266,263,261,259,257,255,254,254,252,251,250,247,246,244,242,242,241,241,241,241,240,240,239,239,238,238,237,237,236,234,233,231,231,229,229,229,227,226,225,225,224,223,222,219,216,215,212,212,211,211,211,211,210,209,208,208,208,206,206,206,206,206,205,204,203,201,200,200,199,194,194,194,192,192,191,190,189,187,187,185,184,184,183,182,177,175,174,171,171,170,170,169,168,167,164,160,159,158,156,155,155,154,154,153,153,153,152,151,150,150,147,147,145,144,144,143,143,141,138,137,136,136,135,134,134,131,131,129,128,126,124,124,123,123,121,121,119,119,117,115,114,113,113,112,111,110,110,110,108,108,108,108,107,106,101,100,100,97,96,96,96,94,92,92,89,89,87,86,86,85,83,83,83,82,80,79,77,76,76,74,74,74,71,67,67,66,64,64,63,62,60,60,59,58,58,57,55,54,53,53,53,53,52,51,51,51,49,49,48,48,47,46,45,45,45,44,42,41,38,37,36,34,33,32,31,29,28,28,26,25,24,24,24,24,23,23,22,22,20,19,18,16,16,15,15,14,11,11,11,10,10,8,8,6,6,5,5,3,3,3,2,1,1,1 
