50, - 0 to 5,1,1,1,1,1,1,1,1,1,1,1,1,1,1,1,1,2,2,2,2,2,2,2,2,2,2,2,3,3,3,3,3,3,3,3,3,3,4,4,4,4,4,5,5,5,5,5,5,5,5 
 - 0 to 4000,93,431,557,859,951,1089,1196,1339,1482,1500,1515,1531,1537,1616,1837,1906,1910,1919,2028,2033,2101,2166,2197,2238,2471,2623,2703,2705,2725,2822,2962,2976,2987,3150,3211,3351,3367,3367,3418,3421,3466,3470,3498,3594,3605,3623,3641,3646,3753,3792 
 - half sorted,0,1,2,3,4,5,6,7,8,9,10,11,12,13,14,15,16,17,18,19,20,21,22,23,24,25,26,27,28,29,30,31,32,33,34,35,36,37,38,39,40,41,42,43,44,45,46,47,48,49 
 - reversed,1,1,1,3,3,5,5,6,7,9,10,11,12,15,16,16,16,17,17,18,19,20,21,21,22,23,23,25,26,28,31,31,32,33,37,37,37,38,39,39,41,42,43,44,46,46,47,48,50,50 
60, - 0 to 5,1,1,1,1,1,1,1,1,1,1,1,1,1,1,1,1,2,2,2,2,2,2,2,2,2,2,2,2,3,3,3,3,3,3,3,3,3,3,3,3,3,3,3,4,4,4,4,4,4,4,4,5,5,5,5,5,5,5,5,5 
 - 0 to 4000,12,93,431,449,557,859,903,951,1089,1144,1196,1338,1339,1482,1500,1515,1531,1537,1616,1793,1813,1837,1906,1910,1919,2028,2033,2101,2166,2197,2238,2471,2623,2703,2705,2725,2822,2962,2976,2987,3134,3150,3160,3211,3308,3351,3367,3367,3418,3421,3466,3470,3498,3594,3605,3623,3641,3646,3753,3792 
 - half sorted,0,1,2,3,4,5,6,7,8,9,10,11,12,13,14,15,16,17,18,19,20,21,22,23,24,25,26,27,28,29,30,31,32,33,34,35,36,37,38,39,40,41,42,43,44,45,46,47,48,49,50,51,52,53,54,55,56,57,58,59 
 - reversed,1,1,1,2,3,5,6,6,7,7,8,10,11,11,11,11,12,16,16,17,18,20,22,23,23,24,25,26,28,29,30,31,33,34,36,37,37,40,42,43,45,46,47,49,50,51,52,53,53,53,53,54,55,57,58,58,58,59,59,59 
70, - 0 to 5,1,1,1,1,1,1,1,1,1,1,1,1,1,1,1,1,1,1,2,2,2,2,2,2,2,2,2,2,2,2,2,3,3,3,3,3,3,3,3,3,3,3,3,3,3,3,3,3,3,4,4,4,4,4,4,4,4,4,4,4,4,5,5,5,5,5,5,5,5,5 
 - 0 to 4000,12,93,431,449,557,606,708,824,859,903,951,1089,1122,1144,1196,1338,1339,1482,1500,1515,1531,1537,1616,1793,1813,1837,1869,1906,1910,1919,2006,2028,2033,2101,2114,2166,2197,2238,2471,2623,2703,2705,2725,2822,2858,2962,2976,2987,3134,3150,3160,3211,3308,3351,3367,3367,3418,3421,3466,3470,3498,3579,3583,3594,3605,3623,3641,3646,3753,3792 
 - half sorted,0,1,2,3,4,5,6,7,8,9,10,11,12,13,14,15,16,17,18,19,20,21,22,23,24,25,26,27,28,29,30,31,32,33,34,35,36,37,38,39,40,41,42,43,44,45,46,47,48,49,50,51,52,53,54,55,56,57,58,59,60,61,62,63,64,65,66,67,68,69 
 - reversed,3,3,3,4,7,7,8,8,9,10,10,11,11,11,12,12,12,13,13,14,15,15,16,18,19,19,20,21,22,24,25,26,26,26,27,31,31,33,33,33,36,36,36,37,37,38,46,48,49,49,51,52,58,59,61,61,62,63,63,64,64,65,66,67,67,68,68,69,70,70 
80, - 0 to 5,1,1,1,1,1,1,1,1,1,1,1,1,1,1,1,1,1,1,1,1,1,2,2,2,2,2,2,2,2,2,2,2,2,2,2,2,2,3,3,3,3,3,3,3,3,3,3,3,3,3,3,3,3,3,3,3,4,4,4,4,4,4,4,4,4,4,4,4,4,5,5,5,5,5,5,5,5,5,5,5 
 - 0 to 4000,12,93,431,449,547,557,606,708,824,834,859,903,951,1089,1122,1144,1196,1196,1338,1339,1477,1482,1500,1515,1531,1537,1616,1793,1813,1837,1869,1906,1910,1919,2006,2028,2033,2101,2112,2114,2166,2197,2225,2238,2471,2623,2631,2658,2703,2705,2706,2725,2822,2858,2962,2976,2987,3090,3134,3150,3160,3211,3308,3351,3367,3367,3418,3421,3466,3470,3498,3579,3583,3594,3605,3623,3641,3646,3753,3792 
 - half sorted,0,1,2,3,4,5,6,7,8,9,10,11,12,13,14,15,16,17,18,19,20,21,22,23,24,25,26,27,28,29,30,31,32,33,34,35,36,37,38,39,40,41,42,43,44,45,46,47,48,49,50,51,52,53,54,55,56,57,58,59,60,61,62,63,64,65,66,67,68,69,70,71,72,73,74,75,76,77,78,79 
 - reversed,2,2,5,5,6,6,7,7,11,11,12,13,14,16,16,17,18,21,22,23,23,24,24,26,27,28,28,29,30,30,31,32,32,33,33,34,34,37,37,40,41,42,46,46,49,49,50,53,58,58,58,58,59,59,59,60,61,63,63,63,65,65,66,66,67,68,70,71,71,71,71,73,74,75,76,76,77,77,78,79 
90, - 0 to 5,1,1,1,1,1,1,1,1,1,1,1,1,1,1,1,1,1,1,1,1,1,1,1,1,1,2,2,2,2,2,2,2,2,2,2,2,2,2,2,2,2,2,3,3,3,3,3,3,3,3,3,3,3,3,3,3,3,3,3,3,3,3,4,4,4,4,4,4,4,4,4,4,4,4,4,4,4,5,5,5,5,5,5,5,5,5,5,5,5,5 
 - 0 to 4000,8,12,93,286,431,449,547,557,606,708,824,834,859,903,951,1089,1122,1144,1196,1196,1315,1338,1339,1477,1482,1500,1515,1531,1537,1616,1793,1813,1837,1869,1906,1910,1919,2006,2028,2033,2101,2112,2114,2166,2197,2225,2238,2387,2471,2486,2623,2631,2658,2703,2705,2706,2725,2822,2834,2858,2859,2926,2962,2976,2987,3090,3134,3146,3150,3160,3211,3308,3351,3367,3367,3418,3421,3466,3470,3498,3570,3579,3583,3594,3605,3623,3641,3646,3753,3792 
 - half sorted,0,1,2,3,4,5,6,7,8,9,10,11,12,13,14,15,16,17,18,19,20,21,22,23,24,25,26,27,28,29,30,31,32,33,34,35,36,37,38,39,40,41,42,43,44,45,46,47,48,49,50,51,52,53,54,55,56,57,58,59,60,61,62,63,64,65,66,67,68,69,70,71,72,73,74,75,76,77,78,79,80,81,82,83,84,85,86,87,88,89 
 - reversed,6,6,7,7,10,11,12,13,15,16,18,19,19,20,21,23,23,23,23,25,26,27,28,28,29,30,31,31,31,33,33,34,35,36,36,37,39,42,44,44,46,46,47,52,53,54,54,55,55,56,57,58,59,59,59,60,61,61,62,62,64,66,67,68,68,70,70,71,71,71,75,76,76,77,77,78,78,79,80,82,82,83,83,84,86,86,86,87,88,88 
100, - 0 to 5,1,1,1,1,1,1,1,1,1,1,1,1,1,1,1,1,1,1,1,1,1,1,1,1,1,1,2,2,2,2,2,2,2,2,2,2,2,2,2,2,2,2,2,2,2,3,3,3,3,3,3,3,3,3,3,3,3,3,3,3,3,3,3,3,3,3,3,3,4,4,4,4,4,4,4,4,4,4,4,4,4,4,4,5,5,5,5,5,5,5,5,5,5,5,5,5,5,5,5,5 
 - 0 to 4000,8,12,93,152,286,338,431,449,547,557,606,708,824,834,859,903,951,1089,1122,1144,1147,1196,1196,1250,1315,1338,1339,1477,1482,1500,1515,1531,1537,1616,1655,1750,1793,1813,1837,1869,1906,1910,1919,2006,2028,2033,2101,2112,2114,2166,2197,2225,2238,2387,2471,2486,2623,2631,2658,2703,2705,2706,2725,2786,2822,2834,2858,2859,2926,2962,2976,2987,2998,3090,3100,3134,3146,3150,3160,3211,3253,3308,3351,3367,3367,3418,3421,3466,3470,3498,3570,3579,3583,3594,3605,3623,3641,3646,3753,3792 
 - half sorted,0,1,2,3,4,5,6,7,8,9,10,11,12,13,14,15,16,17,18,19,20,21,22,23,24,25,26,27,28,29,30,31,32,33,34,35,36,37,38,39,40,41,42,43,44,45,46,47,48,49,50,51,52,53,54,55,56,57,58,59,60,61,62,63,64,65,66,67,68,69,70,71,72,73,74,75,76,77,78,79,80,81,82,83,84,85,86,87,88,89,90,91,92,93,94,95,96,97,98,99 
 - reversed,1,3,3,5,5,6,6,6,6,8,8,8,10,11,12,12,13,14,15,15,16,18,19,21,22,22,23,23,24,25,25,26,28,31,31,31,33,34,34,34,37,37,38,38,38,39,41,44,46,46,47,47,49,50,50,50,51,51,52,53,53,55,57,58,58,59,59,60,62,66,66,67,67,69,70,70,71,76,77,79,82,83,86,86,86,87,87,89,90,92,93,93,94,96,96,97,98,98,100,100 
110, - 0 to 5,1,1,1,1,1,1,1,1,1,1,1,1,1,1,1,1,1,1,1,1,1,1,1,1,1,1,1,1,1,2,2,2,2,2,2,2,2,2,2,2,2,2,2,2,2,2,2,2,2,3,3,3,3,3,3,3,3,3,3,3,3,3,3,3,3,3,3,3,3,3,3,3,3,3,3,4,4,4,4,4,4,4,4,4,4,4,4,4,4,4,4,4,5,5,5,5,5,5,5,5,5,5,5,5,5,5,5,5,5,5 
 - 0 to 4000,8,12,93,131,152,286,338,431,449,464,547,557,606,708,824,834,859,903,951,1089,1122,1141,1141,1144,1147,1196,1196,1250,1315,1338,1339,1475,1477,1482,1500,1515,1531,1537,1616,1655,1750,1793,1813,1837,1869,1906,1910,1919,2006,2028,2033,2101,2112,2114,2166,2197,2225,2238,2387,2428,2471,2486,2623,2631,2658,2703,2705,2706,2725,2786,2822,2834,2858,2859,2867,2926,2962,2974,2976,2987,2998,3090,3100,3134,3146,3150,3160,3211,3253,3308,3351,3367,3367,3418,3421,3466,3470,3498,3523,3570,3579,3583,3594,3605,3623,3641,3646,3753,3758,3792 
 - half sorted,0,1,2,3,4,5,6,7,8,9,10,11,12,13,14,15,16,17,18,19,20,21,22,23,24,25,26,27,28,29,30,31,32,33,34,35,36,37,38,39,40,41,42,43,44,45,46,47,48,49,50,51,52,53,54,55,56,57,58,59,60,61,62,63,64,65,66,67,68,69,70,71,72,73,74,75,76,77,78,79,80,81,82,83,84,85,86,87,88,89,90,91,92,93,94,95,96,97,98,99,100,101,102,103,104,105,106,107,108,109 
 - reversed,2,2,3,4,6,6,7,11,12,13,13,14,14,17,18,18,20,21,21,21,22,24,24,25,26,28,33,36,36,36,36,38,39,39,40,40,41,41,42,43,45,45,46,46,46,46,46,47,48,50,50,50,51,52,53,53,55,55,58,58,58,59,59,61,62,62,67,69,71,73,73,73,73,76,77,78,79,79,80,80,81,84,84,85,86,87,87,94,95,97,97,97,98,98,98,98,99,100,101,101,101,103,104,105,106,106,107,107,108,110 
120, - 0 to 5,1,1,1,1,1,1,1,1,1,1,1,1,1,1,1,1,1,1,1,1,1,1,1,1,1,1,1,1,1,1,1,2,2,2,2,2,2,2,2,2,2,2,2,2,2,2,2,2,2,2,2,2,3,3,3,3,3,3,3,3,3,3,3,3,3,3,3,3,3,3,3,3,3,3,3,3,3,3,3,3,3,3,3,4,4,4,4,4,4,4,4,4,4,4,4,4,4,4,4,4,4,5,5,5,5,5,5,5,5,5,5,5,5,5,5,5,5,5,5,5 
 - 0 to 4000,8,12,93,131,152,286,338,431,449,464,547,557,606,683,708,824,834,843,855,859,903,951,1089,1122,1141,1141,1144,1147,1196,1196,1250,1315,1338,1339,1475,1477,1482,1500,1508,1515,1531,1537,1616,1655,1750,1793,1813,1837,1869,1906,1910,1919,2006,2028,2033,2101,2112,2114,2166,2197,2225,2238,2311,2387,2428,2471,2486,2623,2631,2658,2703,2705,2706,2725,2786,2822,2834,2858,2859,2867,2904,2926,2962,2974,2976,2987,2998,3090,3100,3134,3146,3150,3160,3211,3253,3308,3351,3367,3367,3418,3421,3466,3470,3498,3523,3553,3570,3579,3583,3594,3605,3621,3623,3641,3646,3753,3758,3792,3937,3948 
 - half sorted,0,1,2,3,4,5,6,7,8,9,10,11,12,13,14,15,16,17,18,19,20,21,22,23,24,25,26,27,28,29,30,31,32,33,34,35,36,37,38,39,40,41,42,43,44,45,46,47,48,49,50,51,52,53,54,55,56,57,58,59,60,61,62,63,64,65,66,67,68,69,70,71,72,73,74,75,76,77,78,79,80,81,82,83,84,85,86,87,88,89,90,91,92,93,94,95,96,97,98,99,100,101,102,103,104,105,106,107,108,109,110,111,112,113,114,115,116,117,118,119 
 - reversed,1,2,3,5,6,7,10,11,11,15,16,16,17,18,18,19,20,23,23,23,24,24,24,25,25,26,26,26,27,27,28,28,30,30,31,31,32,33,34,34,35,36,36,37,37,40,45,46,46,46,47,48,49,51,52,53,53,53,54,54,57,58,58,58,59,59,61,61,61,61,61,63,64,66,66,67,67,68,70,71,71,72,74,74,75,77,82,82,83,83,86,86,86,89,90,90,95,98,99,100,102,103,107,108,108,108,109,110,111,111,112,113,113,113,115,117,118,118,118,119 
130, - 0 to 5,1,1,1,1,1,1,1,1,1,1,1,1,1,1,1,1,1,1,1,1,1,1,1,1,1,1,1,1,1,1,1,1,1,1,2,2,2,2,2,2,2,2,2,2,2,2,2,2,2,2,2,2,2,2,2,2,3,3,3,3,3,3,3,3,3,3,3,3,3,3,3,3,3,3,3,3,3,3,3,3,3,3,3,3,3,3,3,4,4,4,4,4,4,4,4,4,4,4,4,4,4,4,4,4,4,4,4,4,5,5,5,5,5,5,5,5,5,5,5,5,5,5,5,5,5,5,5,5,5,5 
 - 0 to 4000,8,12,93,131,152,286,338,390,431,449,464,547,557,606,683,708,824,834,843,855,859,903,951,1017,1089,1122,1141,1141,1144,1147,1196,1196,1250,1274,1315,1338,1339,1471,1475,1477,1482,1500,1508,1515,1531,1537,1601,1616,1655,1680,1750,1793,1813,1837,1854,1869,1906,1910,1919,1974,2006,2028,2033,2101,2112,2114,2166,2197,2225,2236,2238,2311,2387,2428,2471,2486,2605,2623,2631,2658,2703,2705,2706,2725,2786,2822,2834,2858,2859,2867,2904,2926,2962,2974,2976,2987,2998,3090,3100,3134,3146,3150,3160,3211,3253,3308,3351,3367,3367,3418,3421,3466,3470,3498,3523,3553,3570,3579,3583,3594,3605,3621,3623,3641,3646,3753,3758,3792,3937,3948 
 - half sorted,0,1,2,3,4,5,6,7,8,9,10,11,12,13,14,15,16,17,18,19,20,21,22,23,24,25,26,27,28,29,30,31,32,33,34,35,36,37,38,39,40,41,42,43,44,45,46,47,48,49,50,51,52,53,54,55,56,57,58,59,60,61,62,63,64,65,66,67,68,69,70,71,72,73,74,75,76,77,78,79,80,81,82,83,84,85,86,87,88,89,90,91,92,93,94,95,96,97,98,99,100,101,102,103,104,105,106,107,108,109,110,111,112,113,114,115,116,117,118,119,120,121,122,123,124,125,126,127,128,129 
 - reversed,5,6,6,8,9,11,11,11,12,12,13,14,17,17,17,17,18,18,19,22,22,23,24,26,27,27,29,31,33,34,36,36,37,38,39,40,41,41,41,43,43,43,44,45,47,48,48,49,50,50,51,51,52,53,53,53,53,54,54,54,55,56,58,58,58,60,60,61,63,63,65,66,66,66,67,70,70,73,73,74,77,78,80,81,81,81,81,84,85,85,86,86,86,87,88,88,88,90,92,94,94,95,97,99,99,100,100,101,102,104,104,105,105,108,111,111,112,117,117,120,123,125,126,126,126,126,126,128,128,129 
140, - 0 to 5,1,1,1,1,1,1,1,1,1,1,1,1,1,1,1,1,1,1,1,1,1,1,1,1,1,1,1,1,1,1,1,1,1,1,1,2,2,2,2,2,2,2,2,2,2,2,2,2,2,2,2,2,2,2,2,2,2,3,3,3,3,3,3,3,3,3,3,3,3,3,3,3,3,3,3,3,3,3,3,3,3,3,3,3,3,3,3,3,3,3,3,3,3,3,4,4,4,4,4,4,4,4,4,4,4,4,4,4,4,4,4,4,4,4,4,4,4,4,5,5,5,5,5,5,5,5,5,5,5,5,5,5,5,5,5,5,5,5,5,5 
 - 0 to 4000,8,12,68,93,131,152,286,338,390,431,449,464,547,557,606,683,708,824,824,834,843,855,859,903,951,1017,1089,1122,1141,1141,1144,1147,1196,1196,1250,1274,1315,1329,1338,1339,1471,1475,1477,1482,1500,1508,1515,1531,1537,1601,1616,1623,1655,1680,1708,1750,1793,1813,1837,1854,1869,1906,1910,1919,1974,2006,2028,2033,2101,2112,2114,2166,2197,2225,2236,2238,2311,2387,2428,2438,2471,2486,2605,2614,2623,2631,2658,2703,2705,2706,2725,2786,2822,2834,2858,2859,2867,2904,2926,2962,2974,2976,2987,2998,3090,3100,3108,3134,3146,3150,3160,3211,3253,3308,3351,3367,3367,3418,3421,3466,3470,3498,3523,3553,3570,3579,3583,3594,3598,3605,3606,3621,3623,3641,3646,3753,3758,3792,3937,3948 
 - half sorted,0,1,2,3,4,5,6,7,8,9,10,11,12,13,14,15,16,17,18,19,20,21,22,23,24,25,26,27,28,29,30,31,32,33,34,35,36,37,38,39,40,41,42,43,44,45,46,47,48,49,50,51,52,53,54,55,56,57,58,59,60,61,62,63,64,65,66,67,68,69,70,71,72,73,74,75,76,77,78,79,80,81,82,83,84,85,86,87,88,89,90,91,92,93,94,95,96,97,98,99,100,101,102,103,104,105,106,107,108,109,110,111,112,113,114,115,116,117,118,119,120,121,122,123,124,125,126,127,128,129,130,131,132,133,134,135,136,137,138,139 
 - reversed,3,3,3,4,5,6,7,8,8,8,9,10,11,11,11,12,14,15,15,16,17,18,18,18,19,21,21,21,22,23,24,25,25,26,26,26,27,28,31,31,31,32,33,33,33,34,34,35,37,38,48,48,48,49,50,52,54,58,59,62,63,64,65,66,66,67,67,68,70,70,70,73,74,74,75,77,78,80,80,81,82,82,83,83,85,86,87,87,89,90,90,91,93,94,96,96,97,98,98,101,103,104,104,106,106,106,106,106,107,109,111,116,116,119,120,121,121,123,126,128,128,130,131,131,132,133,133,134,134,134,135,137,137,137,138,138,138,139,139,140 
150, - 0 to 5,1,1,1,1,1,1,1,1,1,1,1,1,1,1,1,1,1,1,1,1,1,1,1,1,1,1,1,1,1,1,1,1,1,1,1,2,2,2,2,2,2,2,2,2,2,2,2,2,2,2,2,2,2,2,2,2,2,2,3,3,3,3,3,3,3,3,3,3,3,3,3,3,3,3,3,3,3,3,3,3,3,3,3,3,3,3,3,3,3,3,3,3,3,3,3,3,3,4,4,4,4,4,4,4,4,4,4,4,4,4,4,4,4,4,4,4,4,4,4,4,4,4,4,4,5,5,5,5,5,5,5,5,5,5,5,5,5,5,5,5,5,5,5,5,5,5,5,5,5,5 
 - 0 to 4000,8,12,68,93,131,152,286,300,338,390,431,449,464,544,547,557,606,683,708,824,824,832,834,843,855,859,903,951,1017,1084,1089,1122,1141,1141,1144,1147,1196,1196,1250,1274,1315,1329,1338,1339,1471,1475,1477,1482,1500,1508,1515,1531,1537,1601,1616,1623,1655,1680,1708,1750,1793,1810,1813,1837,1854,1869,1906,1910,1919,1974,2006,2028,2033,2101,2112,2114,2166,2197,2225,2236,2238,2311,2387,2428,2438,2471,2486,2513,2515,2605,2614,2623,2631,2658,2703,2705,2706,2725,2786,2822,2834,2858,2859,2867,2904,2926,2962,2974,2976,2987,2998,3090,3100,3108,3134,3146,3150,3160,3211,3253,3308,3351,3367,3367,3418,3421,3440,3466,3470,3498,3523,3553,3570,3579,3583,3594,3598,3605,3606,3621,3623,3623,3641,3646,3753,3758,3792,3937,3948,3999 
 - half sorted,0,1,2,3,4,5,6,7,8,9,10,11,12,13,14,15,16,17,18,19,20,21,22,23,24,25,26,27,28,29,30,31,32,33,34,35,36,37,38,39,40,41,42,43,44,45,46,47,48,49,50,51,52,53,54,55,56,57,58,59,60,61,62,63,64,65,66,67,68,69,70,71,72,73,74,75,76,77,78,79,80,81,82,83,84,85,86,87,88,89,90,91,92,93,94,95,96,97,98,99,100,101,102,103,104,105,106,107,108,109,110,111,112,113,114,115,116,117,118,119,120,121,122,123,124,125,126,127,128,129,130,131,132,133,134,135,136,137,138,139,140,141,142,143,144,145,146,147,148,149 
 - reversed,1,1,3,3,5,5,5,6,8,10,11,14,15,16,17,18,18,19,21,22,23,23,24,24,25,26,28,31,32,33,34,34,37,37,38,40,42,46,47,48,49,49,50,50,52,53,53,53,54,54,55,56,56,56,57,58,58,58,58,59,62,62,64,65,66,67,67,72,73,74,74,75,76,77,79,80,81,82,83,83,84,86,87,87,88,88,89,89,90,91,91,91,94,94,96,96,96,97,100,100,101,101,105,106,108,108,108,108,109,110,110,111,112,113,113,114,115,116,117,119,120,120,121,121,121,123,123,124,125,128,129,131,131,134,136,136,136,137,138,140,143,143,143,144,147,148,148,148,150,150 
160, - 0 to 5,1,1,1,1,1,1,1,1,1,1,1,1,1,1,1,1,1,1,1,1,1,1,1,1,1,1,1,1,1,1,1,1,1,1,1,2,2,2,2,2,2,2,2,2,2,2,2,2,2,2,2,2,2,2,2,2,2,2,2,2,3,3,3,3,3,3,3,3,3,3,3,3,3,3,3,3,3,3,3,3,3,3,3,3,3,3,3,3,3,3,3,3,3,3,3,3,3,3,3,3,3,3,4,4,4,4,4,4,4,4,4,4,4,4,4,4,4,4,4,4,4,4,4,4,4,4,4,4,4,4,4,4,5,5,5,5,5,5,5,5,5,5,5,5,5,5,5,5,5,5,5,5,5,5,5,5,5,5,5,5 
 - 0 to 4000,8,12,53,68,93,131,152,200,286,300,338,360,390,431,449,464,544,547,557,606,683,708,824,824,832,834,843,855,859,903,951,1017,1084,1089,1122,1141,1141,1144,1147,1196,1196,1229,1250,1274,1315,1329,1338,1339,1471,1475,1477,1482,1500,1508,1515,1531,1537,1601,1616,1623,1655,1678,1680,1708,1750,1793,1803,1810,1813,1837,1854,1869,1906,1910,1919,1974,2006,2028,2033,2101,2112,2114,2166,2197,2225,2236,2238,2311,2387,2428,2438,2471,2486,2513,2515,2599,2605,2614,2623,2631,2658,2703,2705,2706,2725,2786,2822,2834,2858,2859,2867,2904,2926,2962,2974,2976,2977,2987,2998,3090,3100,3102,3108,3134,3146,3150,3160,3211,3253,3308,3351,3367,3367,3418,3421,3440,3466,3470,3498,3523,3553,3570,3579,3583,3594,3598,3605,3606,3621,3623,3623,3624,3641,3646,3753,3758,3792,3937,3948,3999 
 - half sorted,0,1,2,3,4,5,6,7,8,9,10,11,12,13,14,15,16,17,18,19,20,21,22,23,24,25,26,27,28,29,30,31,32,33,34,35,36,37,38,39,40,41,42,43,44,45,46,47,48,49,50,51,52,53,54,55,56,57,58,59,60,61,62,63,64,65,66,67,68,69,70,71,72,73,74,75,76,77,78,79,80,81,82,83,84,85,86,87,88,89,90,91,92,93,94,95,96,97,98,99,100,101,102,103,104,105,106,107,108,109,110,111,112,113,114,115,116,117,118,119,120,121,122,123,124,125,126,127,128,129,130,131,132,133,134,135,136,137,138,139,140,141,142,143,144,145,146,147,148,149,150,151,152,153,154,155,156,157,158,159 
 - reversed,1,2,3,5,7,7,8,11,12,16,18,21,21,21,23,24,24,24,24,27,28,31,32,32,33,33,34,34,35,35,37,38,39,40,40,42,43,43,43,45,46,49,50,50,50,53,53,53,54,54,55,55,57,58,58,59,59,59,60,60,61,62,63,63,64,66,67,68,68,68,68,70,71,71,71,73,74,75,76,76,77,77,78,78,78,80,80,82,85,86,86,86,86,91,93,94,94,94,96,97,97,97,98,101,102,103,103,103,104,106,106,107,108,108,108,108,109,109,110,110,111,112,113,113,114,115,117,118,120,121,124,126,126,126,129,129,130,131,138,138,139,140,143,144,145,145,146,146,147,147,150,150,151,151,152,154,156,158,159,159 
170, - 0 to 5,1,1,1,1,1,1,1,1,1,1,1,1,1,1,1,1,1,1,1,1,1,1,1,1,1,1,1,1,1,1,1,1,1,1,1,1,1,1,1,2,2,2,2,2,2,2,2,2,2,2,2,2,2,2,2,2,2,2,2,2,2,2,2,2,3,3,3,3,3,3,3,3,3,3,3,3,3,3,3,3,3,3,3,3,3,3,3,3,3,3,3,3,3,3,3,3,3,3,3,3,3,3,3,3,3,3,4,4,4,4,4,4,4,4,4,4,4,4,4,4,4,4,4,4,4,4,4,4,4,4,4,4,4,4,4,4,4,4,4,4,4,5,5,5,5,5,5,5,5,5,5,5,5,5,5,5,5,5,5,5,5,5,5,5,5,5,5,5,5,5 
 - 0 to 4000,8,12,53,68,93,124,131,152,200,286,300,338,360,390,431,449,464,544,547,557,606,629,683,708,824,824,832,834,843,855,859,903,911,919,951,1017,1084,1089,1122,1141,1141,1141,1144,1147,1196,1196,1229,1250,1251,1274,1315,1329,1338,1339,1471,1471,1475,1477,1482,1500,1508,1515,1531,1537,1601,1616,1623,1655,1678,1680,1708,1750,1793,1803,1810,1813,1837,1854,1869,1906,1910,1919,1974,2006,2028,2033,2101,2112,2114,2166,2197,2225,2236,2238,2311,2360,2387,2428,2438,2471,2486,2513,2515,2599,2605,2614,2623,2631,2658,2689,2703,2705,2706,2725,2786,2822,2834,2858,2859,2867,2904,2926,2962,2974,2976,2977,2987,2998,3090,3100,3102,3108,3134,3146,3150,3160,3211,3253,3308,3351,3367,3367,3394,3418,3421,3440,3466,3470,3498,3523,3553,3570,3579,3583,3594,3598,3605,3606,3621,3623,3623,3624,3641,3646,3753,3758,3792,3937,3948,3999 
 - half sorted,0,1,2,3,4,5,6,7,8,9,10,11,12,13,14,15,16,17,18,19,20,21,22,23,24,25,26,27,28,29,30,31,32,33,34,35,36,37,38,39,40,41,42,43,44,45,46,47,48,49,50,51,52,53,54,55,56,57,58,59,60,61,62,63,64,65,66,67,68,69,70,71,72,73,74,75,76,77,78,79,80,81,82,83,84,85,86,87,88,89,90,91,92,93,94,95,96,97,98,99,100,101,102,103,104,105,106,107,108,109,110,111,112,113,114,115,116,117,118,119,120,121,122,123,124,125,126,127,128,129,130,131,132,133,134,135,136,137,138,139,140,141,142,143,144,145,146,147,148,149,150,151,152,153,154,155,156,157,158,159,160,161,162,163,164,165,166,167,168,169 
 - reversed,1,1,1,3,4,5,6,6,9,11,12,14,15,16,18,18,18,20,21,22,23,23,23,25,26,27,27,28,28,28,28,31,32,33,33,36,37,38,39,40,40,41,43,44,46,46,46,48,49,52,52,52,55,56,58,59,60,60,61,63,63,63,64,64,64,64,64,65,66,67,68,68,69,69,70,72,74,77,77,80,83,84,84,84,87,89,90,90,91,92,94,94,94,95,96,96,96,97,97,98,98,101,102,103,104,106,107,108,109,111,111,114,114,114,114,115,115,119,120,121,121,121,123,123,126,126,128,129,130,130,131,131,133,133,135,137,138,138,140,143,143,143,143,145,145,148,148,149,150,150,151,151,151,156,157,157,158,158,159,159,160,161,162,166,167,167,169,169,170,170 
180, - 0 to 5,1,1,1,1,1,1,1,1,1,1,1,1,1,1,1,1,1,1,1,1,1,1,1,1,1,1,1,1,1,1,1,1,1,1,1,1,1,1,1,1,1,2,2,2,2,2,2,2,2,2,2,2,2,2,2,2,2,2,2,2,2,2,2,2,2,2,2,2,3,3,3,3,3,3,3,3,3,3,3,3,3,3,3,3,3,3,3,3,3,3,3,3,3,3,3,3,3,3,3,3,3,3,3,3,3,3,3,3,3,3,3,3,4,4,4,4,4,4,4,4,4,4,4,4,4,4,4,4,4,4,4,4,4,4,4,4,4,4,4,4,4,4,4,4,4,4,4,4,4,4,5,5,5,5,5,5,5,5,5,5,5,5,5,5,5,5,5,5,5,5,5,5,5,5,5,5,5,5,5,5 
 - 0 to 4000,8,12,53,68,93,94,124,131,152,200,286,300,338,360,390,431,449,464,544,547,557,606,629,629,683,708,824,824,832,834,843,855,859,903,911,919,947,951,1017,1084,1089,1122,1141,1141,1141,1144,1147,1196,1196,1229,1250,1251,1274,1315,1329,1338,1339,1471,1471,1475,1477,1482,1500,1508,1515,1531,1537,1601,1616,1623,1655,1678,1680,1708,1750,1793,1803,1810,1813,1837,1854,1869,1906,1910,1919,1974,2006,2028,2033,2101,2112,2114,2166,2197,2225,2236,2238,2311,2360,2387,2428,2438,2443,2455,2471,2486,2513,2515,2599,2605,2614,2623,2631,2658,2689,2703,2705,2706,2725,2736,2786,2822,2834,2858,2859,2867,2871,2904,2926,2962,2974,2976,2977,2987,2998,3072,3090,3100,3102,3108,3134,3146,3150,3160,3211,3253,3308,3351,3367,3367,3394,3418,3421,3440,3466,3470,3498,3523,3553,3570,3579,3583,3594,3598,3605,3606,3621,3623,3623,3624,3641,3646,3753,3758,3792,3883,3937,3948,3954,3999 
 - half sorted,0,1,2,3,4,5,6,7,8,9,10,11,12,13,14,15,16,17,18,19,20,21,22,23,24,25,26,27,28,29,30,31,32,33,34,35,36,37,38,39,40,41,42,43,44,45,46,47,48,49,50,51,52,53,54,55,56,57,58,59,60,61,62,63,64,65,66,67,68,69,70,71,72,73,74,75,76,77,78,79,80,81,82,83,84,85,86,87,88,89,90,91,92,93,94,95,96,97,98,99,100,101,102,103,104,105,106,107,108,109,110,111,112,113,114,115,116,117,118,119,120,121,122,123,124,125,126,127,128,129,130,131,132,133,134,135,136,137,138,139,140,141,142,143,144,145,146,147,148,149,150,151,152,153,154,155,156,157,158,159,160,161,162,163,164,165,166,167,168,169,170,171,172,173,174,175,176,177,178,179 
 - reversed,6,7,10,11,11,12,14,15,16,18,19,19,19,20,23,23,24,25,26,28,28,29,29,30,30,31,31,31,32,33,34,35,35,35,36,37,38,39,42,46,47,48,49,49,49,51,52,53,54,55,57,58,58,58,59,59,59,60,61,61,61,62,63,63,64,64,67,67,68,70,71,71,71,74,74,74,74,75,76,77,77,80,80,82,83,83,83,84,84,86,86,86,86,87,87,88,89,92,93,96,97,100,101,103,105,106,106,108,108,108,109,110,110,110,111,111,113,113,113,113,113,114,117,117,118,118,120,121,121,121,121,122,123,123,123,124,124,125,125,126,126,134,134,136,138,142,143,143,144,144,145,146,147,150,150,151,151,152,154,155,156,158,158,160,166,167,168,168,169,171,172,173,174,174,177,178,178,179,180,180 
190, - 0 to 5,1,1,1,1,1,1,1,1,1,1,1,1,1,1,1,1,1,1,1,1,1,1,1,1,1,1,1,1,1,1,1,1,1,1,1,1,1,1,1,1,1,1,1,1,1,2,2,2,2,2,2,2,2,2,2,2,2,2,2,2,2,2,2,2,2,2,2,2,2,2,2,2,2,3,3,3,3,3,3,3,3,3,3,3,3,3,3,3,3,3,3,3,3,3,3,3,3,3,3,3,3,3,3,3,3,3,3,3,3,3,3,3,3,3,3,3,3,3,3,4,4,4,4,4,4,4,4,4,4,4,4,4,4,4,4,4,4,4,4,4,4,4,4,4,4,4,4,4,4,4,4,4,4,4,4,4,4,4,4,5,5,5,5,5,5,5,5,5,5,5,5,5,5,5,5,5,5,5,5,5,5,5,5,5,5,5,5,5,5,5 
 - 0 to 4000,8,12,26,53,68,93,94,124,131,152,153,200,286,300,338,360,390,431,449,464,544,547,557,606,629,629,683,708,824,824,832,834,843,855,859,903,906,911,911,919,947,951,1017,1084,1089,1122,1141,1141,1141,1144,1147,1196,1196,1229,1250,1251,1274,1279,1315,1329,1338,1339,1420,1471,1471,1475,1477,1482,1500,1508,1515,1531,1537,1601,1616,1623,1655,1678,1680,1708,1750,1793,1803,1810,1813,1837,1854,1869,1906,1910,1919,1974,2006,2028,2033,2101,2112,2114,2166,2197,2225,2236,2238,2311,2342,2360,2387,2428,2438,2443,2455,2471,2486,2513,2515,2599,2605,2614,2623,2631,2658,2689,2703,2705,2706,2725,2736,2786,2822,2834,2858,2859,2867,2871,2904,2926,2962,2974,2976,2977,2987,2998,3072,3090,3100,3102,3108,3134,3146,3150,3160,3211,3253,3308,3351,3367,3367,3394,3418,3421,3440,3448,3466,3470,3498,3523,3549,3553,3570,3579,3583,3594,3598,3605,3606,3621,3623,3623,3624,3641,3646,3753,3758,3792,3836,3883,3937,3948,3954,3999 
 - half sorted,0,1,2,3,4,5,6,7,8,9,10,11,12,13,14,15,16,17,18,19,20,21,22,23,24,25,26,27,28,29,30,31,32,33,34,35,36,37,38,39,40,41,42,43,44,45,46,47,48,49,50,51,52,53,54,55,56,57,58,59,60,61,62,63,64,65,66,67,68,69,70,71,72,73,74,75,76,77,78,79,80,81,82,83,84,85,86,87,88,89,90,91,92,93,94,95,96,97,98,99,100,101,102,103,104,105,106,107,108,109,110,111,112,113,114,115,116,117,118,119,120,121,122,123,124,125,126,127,128,129,130,131,132,133,134,135,136,137,138,139,140,141,142,143,144,145,146,147,148,149,150,151,152,153,154,155,156,157,158,159,160,161,162,163,164,165,166,167,168,169,170,171,172,173,174,175,176,177,178,179,180,181,182,183,184,185,186,187,188,189 
 - reversed,1,3,4,4,4,7,8,9,10,11,13,17,18,19,20,23,23,24,24,25,26,28,28,29,30,30,30,31,32,33,33,34,35,35,37,38,39,39,41,41,41,41,42,43,43,43,44,48,48,48,49,49,49,51,51,51,51,52,52,54,54,55,55,57,57,57,60,61,61,61,62,63,66,66,66,68,68,72,73,74,74,76,77,78,80,81,81,82,85,86,86,86,88,90,90,93,93,94,95,96,96,96,97,99,106,106,107,111,111,114,116,116,116,117,119,120,120,120,123,126,126,128,130,133,134,134,136,138,139,139,141,142,143,143,143,144,144,145,145,145,149,150,152,153,155,157,157,159,160,163,163,164,166,166,167,168,169,169,169,170,170,171,171,171,172,173,173,174,174,174,174,175,176,177,178,178,178,178,178,180,180,181,182,182,187,187,188,188,188,189 
200, - 0 to 5,1,1,1,1,1,1,1,1,1,1,1,1,1,1,1,1,1,1,1,1,1,1,1,1,1,1,1,1,1,1,1,1,1,1,1,1,1,1,1,1,1,1,1,1,1,1,1,1,1,2,2,2,2,2,2,2,2,2,2,2,2,2,2,2,2,2,2,2,2,2,2,2,2,2,2,2,2,2,3,3,3,3,3,3,3,3,3,3,3,3,3,3,3,3,3,3,3,3,3,3,3,3,3,3,3,3,3,3,3,3,3,3,3,3,3,3,3,3,3,3,3,3,3,3,4,4,4,4,4,4,4,4,4,4,4,4,4,4,4,4,4,4,4,4,4,4,4,4,4,4,4,4,4,4,4,4,4,4,4,4,4,4,4,4,4,4,5,5,5,5,5,5,5,5,5,5,5,5,5,5,5,5,5,5,5,5,5,5,5,5,5,5,5,5,5,5,5,5,5,5 
 - 0 to 4000,8,12,16,22,26,53,68,93,94,124,131,152,153,200,256,286,300,338,360,390,431,449,464,544,547,557,606,629,629,654,683,708,824,824,832,834,843,855,859,903,906,911,911,919,947,951,1017,1084,1089,1122,1141,1141,1141,1144,1147,1196,1196,1229,1250,1251,1274,1279,1315,1329,1338,1339,1420,1471,1471,1475,1477,1482,1500,1508,1515,1531,1537,1601,1616,1623,1655,1678,1680,1708,1750,1793,1794,1803,1810,1813,1837,1854,1869,1906,1910,1919,1974,2006,2028,2033,2101,2112,2114,2166,2190,2197,2225,2236,2238,2311,2342,2360,2387,2428,2438,2443,2455,2471,2486,2513,2515,2599,2605,2614,2623,2631,2658,2689,2703,2705,2706,2725,2736,2786,2822,2834,2851,2858,2859,2867,2871,2904,2926,2962,2974,2976,2977,2987,2998,3072,3085,3090,3100,3102,3108,3134,3146,3150,3160,3211,3253,3308,3351,3367,3367,3394,3418,3421,3440,3448,3466,3470,3498,3523,3549,3553,3570,3579,3583,3594,3598,3605,3606,3621,3623,3623,3624,3641,3641,3646,3753,3758,3792,3836,3840,3883,3937,3948,3954,3999 
 - half sorted,0,1,2,3,4,5,6,7,8,9,10,11,12,13,14,15,16,17,18,19,20,21,22,23,24,25,26,27,28,29,30,31,32,33,34,35,36,37,38,39,40,41,42,43,44,45,46,47,48,49,50,51,52,53,54,55,56,57,58,59,60,61,62,63,64,65,66,67,68,69,70,71,72,73,74,75,76,77,78,79,80,81,82,83,84,85,86,87,88,89,90,91,92,93,94,95,96,97,98,99,100,101,102,103,104,105,106,107,108,109,110,111,112,113,114,115,116,117,118,119,120,121,122,123,124,125,126,127,128,129,130,131,132,133,134,135,136,137,138,139,140,141,142,143,144,145,146,147,148,149,150,151,152,153,154,155,156,157,158,159,160,161,162,163,164,165,166,167,168,169,170,171,172,173,174,175,176,177,178,179,180,181,182,183,184,185,186,187,188,189,190,191,192,193,194,195,196,197,198,199 
 - reversed,1,3,5,5,6,6,6,8,10,11,12,13,14,16,16,17,18,20,21,21,22,22,23,23,23,23,24,24,24,25,26,28,28,29,29,29,31,31,32,33,34,34,36,36,37,38,38,40,40,41,41,43,43,46,48,49,50,51,51,53,53,54,54,55,55,55,56,58,58,59,59,64,66,67,68,69,70,71,71,71,71,72,74,75,77,78,79,80,82,83,83,84,85,86,86,89,89,90,93,94,98,100,100,100,101,102,103,103,104,105,106,106,106,108,108,108,108,108,110,111,111,111,112,113,114,115,115,115,119,119,122,123,124,125,126,129,131,131,134,136,137,137,138,138,139,141,141,141,142,144,144,146,147,147,147,148,149,150,150,151,151,152,153,153,153,154,157,158,160,160,160,162,166,167,167,170,174,174,176,177,179,183,186,187,187,190,190,192,193,194,194,194,196,196,197,198,198,199,199,200 
210, - 0 to 5,1,1,1,1,1,1,1,1,1,1,1,1,1,1,1,1,1,1,1,1,1,1,1,1,1,1,1,1,1,1,1,1,1,1,1,1,1,1,1,1,1,1,1,1,1,1,1,1,1,1,1,2,2,2,2,2,2,2,2,2,2,2,2,2,2,2,2,2,2,2,2,2,2,2,2,2,2,2,2,2,2,3,3,3,3,3,3,3,3,3,3,3,3,3,3,3,3,3,3,3,3,3,3,3,3,3,3,3,3,3,3,3,3,3,3,3,3,3,3,3,3,3,3,3,3,3,3,3,3,3,4,4,4,4,4,4,4,4,4,4,4,4,4,4,4,4,4,4,4,4,4,4,4,4,4,4,4,4,4,4,4,4,4,4,4,4,4,4,4,4,4,4,4,4,5,5,5,5,5,5,5,5,5,5,5,5,5,5,5,5,5,5,5,5,5,5,5,5,5,5,5,5,5,5,5,5,5,5,5,5 
 - 0 to 4000,8,12,16,22,26,53,68,93,94,124,131,152,153,200,256,286,300,338,360,390,431,449,464,544,547,557,606,629,629,654,683,699,703,708,824,824,832,834,843,855,859,898,903,906,911,911,919,947,951,1015,1017,1084,1089,1122,1141,1141,1141,1144,1147,1196,1196,1208,1229,1250,1251,1274,1275,1279,1315,1329,1338,1339,1401,1420,1471,1471,1475,1477,1482,1500,1508,1515,1531,1537,1601,1616,1623,1655,1678,1680,1708,1750,1793,1794,1803,1810,1813,1837,1854,1869,1906,1910,1919,1974,2006,2028,2033,2101,2112,2114,2119,2166,2190,2197,2225,2236,2238,2311,2342,2360,2387,2428,2438,2443,2455,2471,2486,2513,2515,2599,2605,2614,2623,2631,2658,2689,2703,2705,2706,2725,2736,2786,2822,2834,2851,2858,2859,2867,2871,2904,2926,2927,2962,2974,2976,2977,2987,2998,3072,3085,3090,3100,3102,3108,3134,3146,3150,3160,3211,3253,3308,3351,3367,3367,3394,3418,3421,3440,3448,3466,3470,3498,3523,3549,3553,3570,3579,3583,3594,3598,3605,3606,3621,3623,3623,3624,3641,3641,3646,3753,3758,3776,3792,3836,3840,3883,3937,3948,3954,3999 
 - half sorted,0,1,2,3,4,5,6,7,8,9,10,11,12,13,14,15,16,17,18,19,20,21,22,23,24,25,26,27,28,29,30,31,32,33,34,35,36,37,38,39,40,41,42,43,44,45,46,47,48,49,50,51,52,53,54,55,56,57,58,59,60,61,62,63,64,65,66,67,68,69,70,71,72,73,74,75,76,77,78,79,80,81,82,83,84,85,86,87,88,89,90,91,92,93,94,95,96,97,98,99,100,101,102,103,104,105,106,107,108,109,110,111,112,113,114,115,116,117,118,119,120,121,122,123,124,125,126,127,128,129,130,131,132,133,134,135,136,137,138,139,140,141,142,143,144,145,146,147,148,149,150,151,152,153,154,155,156,157,158,159,160,161,162,163,164,165,166,167,168,169,170,171,172,173,174,175,176,177,178,179,180,181,182,183,184,185,186,187,188,189,190,191,192,193,194,195,196,197,198,199,200,201,202,203,204,205,206,207,208,209 
 - reversed,3,3,3,5,5,5,5,6,6,7,10,11,11,12,14,15,15,15,16,16,17,19,20,20,21,23,24,25,26,26,28,29,29,31,31,32,33,34,34,36,36,37,41,46,47,48,48,49,49,49,50,52,52,53,54,55,56,58,58,59,59,60,62,62,62,63,63,64,64,65,65,67,68,69,70,70,73,74,77,78,78,79,79,79,79,80,82,82,83,83,85,86,87,87,88,88,89,89,90,90,90,91,91,91,93,94,94,95,96,97,101,101,104,104,104,105,106,106,106,106,107,108,108,109,110,113,114,117,119,120,121,121,121,123,126,128,131,136,139,140,141,143,144,144,145,148,148,149,149,150,150,151,151,151,152,153,156,157,158,160,161,162,164,164,166,166,167,168,168,171,171,172,173,173,173,174,174,176,176,181,181,182,184,186,188,188,194,198,200,200,201,201,203,203,203,203,203,204,204,206,207,207,207,207,208,208,208,208,210,210 
220, - 0 to 5,1,1,1,1,1,1,1,1,1,1,1,1,1,1,1,1,1,1,1,1,1,1,1,1,1,1,1,1,1,1,1,1,1,1,1,1,1,1,1,1,1,1,1,1,1,1,1,1,1,1,1,2,2,2,2,2,2,2,2,2,2,2,2,2,2,2,2,2,2,2,2,2,2,2,2,2,2,2,2,2,2,2,3,3,3,3,3,3,3,3,3,3,3,3,3,3,3,3,3,3,3,3,3,3,3,3,3,3,3,3,3,3,3,3,3,3,3,3,3,3,3,3,3,3,3,3,3,3,3,3,3,3,3,4,4,4,4,4,4,4,4,4,4,4,4,4,4,4,4,4,4,4,4,4,4,4,4,4,4,4,4,4,4,4,4,4,4,4,4,4,4,4,4,4,4,4,4,4,4,4,4,5,5,5,5,5,5,5,5,5,5,5,5,5,5,5,5,5,5,5,5,5,5,5,5,5,5,5,5,5,5,5,5,5,5,5,5,5,5,5 
 - 0 to 4000,8,12,16,22,26,53,68,93,94,124,131,152,153,200,256,286,300,338,360,390,431,449,464,544,547,557,606,629,629,654,683,692,699,703,708,824,824,832,834,843,855,859,898,903,906,911,911,919,947,951,1015,1017,1084,1089,1122,1141,1141,1141,1144,1147,1196,1196,1208,1229,1250,1251,1274,1275,1279,1315,1329,1338,1339,1401,1420,1471,1471,1475,1477,1482,1500,1508,1515,1531,1537,1601,1616,1623,1655,1678,1680,1708,1750,1793,1794,1803,1810,1810,1813,1837,1854,1869,1906,1910,1919,1974,2006,2028,2033,2101,2112,2114,2119,2166,2190,2197,2225,2234,2236,2238,2311,2333,2342,2360,2387,2428,2438,2443,2455,2471,2486,2490,2513,2515,2599,2605,2614,2623,2631,2658,2689,2703,2705,2706,2725,2736,2786,2822,2834,2851,2858,2859,2867,2871,2904,2926,2927,2962,2974,2976,2977,2987,2998,3044,3045,3072,3085,3090,3100,3102,3108,3134,3146,3150,3160,3211,3253,3269,3308,3351,3367,3367,3394,3418,3421,3440,3448,3466,3470,3498,3523,3549,3553,3570,3579,3583,3594,3598,3605,3606,3621,3623,3623,3624,3641,3641,3646,3753,3758,3776,3792,3836,3840,3883,3919,3937,3948,3954,3983,3999 
 - half sorted,0,1,2,3,4,5,6,7,8,9,10,11,12,13,14,15,16,17,18,19,20,21,22,23,24,25,26,27,28,29,30,31,32,33,34,35,36,37,38,39,40,41,42,43,44,45,46,47,48,49,50,51,52,53,54,55,56,57,58,59,60,61,62,63,64,65,66,67,68,69,70,71,72,73,74,75,76,77,78,79,80,81,82,83,84,85,86,87,88,89,90,91,92,93,94,95,96,97,98,99,100,101,102,103,104,105,106,107,108,109,110,111,112,113,114,115,116,117,118,119,120,121,122,123,124,125,126,127,128,129,130,131,132,133,134,135,136,137,138,139,140,141,142,143,144,145,146,147,148,149,150,151,152,153,154,155,156,157,158,159,160,161,162,163,164,165,166,167,168,169,170,171,172,173,174,175,176,177,178,179,180,181,182,183,184,185,186,187,188,189,190,191,192,193,194,195,196,197,198,199,200,201,202,203,204,205,206,207,208,209,210,211,212,213,214,215,216,217,218,219 
 - reversed,2,4,4,5,6,6,7,8,8,8,11,11,12,12,13,14,14,14,18,18,19,21,21,21,22,23,24,28,28,30,33,34,34,36,37,38,39,39,39,40,40,41,42,43,43,44,45,46,46,46,48,50,50,51,51,52,53,55,58,58,59,61,61,62,65,68,69,69,71,71,72,73,73,74,74,76,78,78,79,79,79,83,86,87,87,91,93,93,95,96,96,97,97,98,98,98,100,100,101,102,103,103,104,105,106,106,106,107,107,108,108,109,110,110,111,112,113,115,115,116,120,123,124,124,124,126,127,128,130,131,134,135,135,136,136,138,139,140,142,142,143,144,146,146,146,146,149,150,150,151,151,152,154,154,155,156,156,156,157,159,160,160,160,161,163,163,163,165,168,169,169,170,171,172,173,174,175,177,177,179,180,181,183,183,183,183,186,187,189,189,189,190,190,190,191,191,193,193,194,194,194,195,197,198,199,201,204,205,205,207,207,208,209,211,211,214,214,217,218,220 
230, - 0 to 5,1,1,1,1,1,1,1,1,1,1,1,1,1,1,1,1,1,1,1,1,1,1,1,1,1,1,1,1,1,1,1,1,1,1,1,1,1,1,1,1,1,1,1,1,1,1,1,1,1,1,1,1,1,1,1,2,2,2,2,2,2,2,2,2,2,2,2,2,2,2,2,2,2,2,2,2,2,2,2,2,2,2,2,2,2,2,2,3,3,3,3,3,3,3,3,3,3,3,3,3,3,3,3,3,3,3,3,3,3,3,3,3,3,3,3,3,3,3,3,3,3,3,3,3,3,3,3,3,3,3,3,3,3,3,3,3,3,3,3,4,4,4,4,4,4,4,4,4,4,4,4,4,4,4,4,4,4,4,4,4,4,4,4,4,4,4,4,4,4,4,4,4,4,4,4,4,4,4,4,4,4,4,4,4,4,4,4,4,5,5,5,5,5,5,5,5,5,5,5,5,5,5,5,5,5,5,5,5,5,5,5,5,5,5,5,5,5,5,5,5,5,5,5,5,5,5,5,5,5,5 
 - 0 to 4000,8,12,16,22,26,53,68,93,94,124,131,152,153,200,256,286,300,338,355,360,390,431,449,464,544,547,557,606,629,629,654,683,692,699,703,708,824,824,832,834,843,855,859,891,898,903,906,911,911,919,947,951,1015,1017,1084,1089,1122,1141,1141,1141,1144,1147,1196,1196,1208,1229,1250,1251,1274,1275,1279,1315,1329,1338,1339,1401,1420,1471,1471,1475,1477,1482,1500,1508,1515,1531,1537,1601,1610,1616,1623,1655,1678,1680,1708,1750,1793,1794,1801,1803,1810,1810,1813,1837,1854,1869,1906,1910,1919,1925,1941,1974,2006,2028,2033,2101,2112,2114,2119,2166,2190,2197,2225,2234,2236,2238,2311,2333,2342,2360,2387,2428,2438,2443,2455,2471,2486,2490,2513,2515,2599,2605,2614,2623,2631,2658,2689,2703,2705,2706,2725,2736,2786,2822,2834,2851,2858,2859,2867,2871,2904,2926,2927,2962,2974,2976,2977,2987,2998,3044,3045,3072,3085,3090,3100,3102,3108,3134,3146,3150,3153,3160,3211,3253,3269,3282,3286,3308,3351,3367,3367,3394,3418,3421,3429,3440,3448,3466,3470,3498,3523,3549,3553,3570,3579,3583,3594,3598,3605,3606,3621,3623,3623,3624,3641,3641,3646,3753,3758,3776,3792,3836,3840,3883,3919,3937,3948,3954,3983,3999 
 - half sorted,0,1,2,3,4,5,6,7,8,9,10,11,12,13,14,15,16,17,18,19,20,21,22,23,24,25,26,27,28,29,30,31,32,33,34,35,36,37,38,39,40,41,42,43,44,45,46,47,48,49,50,51,52,53,54,55,56,57,58,59,60,61,62,63,64,65,66,67,68,69,70,71,72,73,74,75,76,77,78,79,80,81,82,83,84,85,86,87,88,89,90,91,92,93,94,95,96,97,98,99,100,101,102,103,104,105,106,107,108,109,110,111,112,113,114,115,116,117,118,119,120,121,122,123,124,125,126,127,128,129,130,131,132,133,134,135,136,137,138,139,140,141,142,143,144,145,146,147,148,149,150,151,152,153,154,155,156,157,158,159,160,161,162,163,164,165,166,167,168,169,170,171,172,173,174,175,176,177,178,179,180,181,182,183,184,185,186,187,188,189,190,191,192,193,194,195,196,197,198,199,200,201,202,203,204,205,206,207,208,209,210,211,212,213,214,215,216,217,218,219,220,221,222,223,224,225,226,227,228,229 
 - reversed,1,2,3,3,3,3,8,8,9,10,11,11,14,16,16,16,17,17,18,20,20,24,25,25,26,26,28,31,31,32,32,33,33,33,34,35,35,37,39,41,41,42,42,42,43,44,44,44,46,46,48,48,49,51,51,54,54,56,56,57,57,59,60,61,62,62,62,63,68,70,71,71,71,71,73,74,74,75,76,77,78,78,79,80,81,82,83,83,84,84,85,87,89,90,93,95,95,96,96,98,98,99,100,101,102,102,105,108,109,110,110,110,111,112,114,114,117,117,118,119,120,123,123,124,127,130,130,131,135,136,136,136,137,138,138,138,140,140,140,141,142,142,143,143,143,144,145,146,148,150,153,153,153,155,155,158,159,159,161,161,163,164,164,164,165,165,166,166,167,168,169,171,174,175,176,176,177,177,178,178,178,179,181,184,186,186,187,187,188,189,190,190,190,190,191,191,195,196,196,199,199,199,200,201,203,203,203,204,205,206,206,207,208,209,209,210,211,213,213,214,218,219,221,221,224,224,224,229,229,229 
240, - 0 to 5,1,1,1,1,1,1,1,1,1,1,1,1,1,1,1,1,1,1,1,1,1,1,1,1,1,1,1,1,1,1,1,1,1,1,1,1,1,1,1,1,1,1,1,1,1,1,1,1,1,1,1,1,1,1,1,1,1,2,2,2,2,2,2,2,2,2,2,2,2,2,2,2,2,2,2,2,2,2,2,2,2,2,2,2,2,2,2,2,2,2,2,2,3,3,3,3,3,3,3,3,3,3,3,3,3,3,3,3,3,3,3,3,3,3,3,3,3,3,3,3,3,3,3,3,3,3,3,3,3,3,3,3,3,3,3,3,3,3,3,3,3,3,3,3,3,4,4,4,4,4,4,4,4,4,4,4,4,4,4,4,4,4,4,4,4,4,4,4,4,4,4,4,4,4,4,4,4,4,4,4,4,4,4,4,4,4,4,4,4,4,4,4,4,4,4,4,5,5,5,5,5,5,5,5,5,5,5,5,5,5,5,5,5,5,5,5,5,5,5,5,5,5,5,5,5,5,5,5,5,5,5,5,5,5,5,5,5,5,5,5 
 - 0 to 4000,8,12,16,22,24,26,53,68,93,94,124,131,152,153,200,256,286,300,338,355,360,390,431,449,464,544,547,557,606,612,629,629,654,683,692,699,703,708,731,824,824,832,834,843,855,859,891,898,903,906,911,911,919,947,951,1015,1017,1084,1089,1122,1141,1141,1141,1144,1147,1196,1196,1208,1229,1250,1251,1274,1275,1279,1315,1329,1338,1339,1401,1420,1471,1471,1475,1477,1482,1500,1508,1515,1531,1537,1601,1610,1616,1623,1655,1678,1680,1708,1750,1793,1794,1801,1803,1810,1810,1813,1837,1854,1869,1906,1910,1919,1925,1941,1974,2006,2028,2033,2061,2101,2112,2114,2119,2166,2190,2197,2225,2234,2236,2238,2311,2333,2342,2360,2387,2428,2438,2443,2455,2471,2486,2490,2513,2515,2599,2605,2614,2623,2631,2658,2689,2703,2705,2706,2725,2736,2786,2822,2834,2851,2858,2859,2867,2871,2904,2926,2927,2962,2974,2976,2977,2987,2998,3044,3045,3072,3085,3090,3100,3102,3108,3134,3144,3146,3150,3153,3160,3211,3253,3269,3282,3286,3308,3345,3351,3367,3367,3394,3418,3421,3429,3440,3448,3466,3470,3498,3523,3537,3549,3552,3553,3570,3579,3583,3594,3598,3605,3606,3621,3623,3623,3624,3641,3641,3646,3708,3745,3753,3758,3776,3792,3836,3840,3883,3919,3937,3948,3954,3983,3999 
 - half sorted,0,1,2,3,4,5,6,7,8,9,10,11,12,13,14,15,16,17,18,19,20,21,22,23,24,25,26,27,28,29,30,31,32,33,34,35,36,37,38,39,40,41,42,43,44,45,46,47,48,49,50,51,52,53,54,55,56,57,58,59,60,61,62,63,64,65,66,67,68,69,70,71,72,73,74,75,76,77,78,79,80,81,82,83,84,85,86,87,88,89,90,91,92,93,94,95,96,97,98,99,100,101,102,103,104,105,106,107,108,109,110,111,112,113,114,115,116,117,118,119,120,121,122,123,124,125,126,127,128,129,130,131,132,133,134,135,136,137,138,139,140,141,142,143,144,145,146,147,148,149,150,151,152,153,154,155,156,157,158,159,160,161,162,163,164,165,166,167,168,169,170,171,172,173,174,175,176,177,178,179,180,181,182,183,184,185,186,187,188,189,190,191,192,193,194,195,196,197,198,199,200,201,202,203,204,205,206,207,208,209,210,211,212,213,214,215,216,217,218,219,220,221,222,223,224,225,226,227,228,229,230,231,232,233,234,235,236,237,238,239 
 - reversed,2,5,6,7,8,11,11,14,16,16,16,17,18,21,22,23,24,24,24,24,24,26,26,28,28,28,29,30,31,31,31,32,32,32,32,34,35,35,37,38,40,41,46,46,47,49,49,50,51,51,51,53,53,54,57,58,58,59,59,59,61,62,63,63,64,64,66,67,69,71,74,74,76,76,79,79,80,82,83,84,86,86,90,93,94,96,96,96,102,103,104,106,107,108,109,109,110,113,113,113,113,113,115,118,119,119,120,120,120,121,121,123,123,124,125,125,130,130,134,135,135,138,139,140,140,140,141,143,143,143,145,145,145,146,146,147,147,147,149,150,151,151,151,153,153,154,156,156,157,158,159,161,162,165,165,165,166,166,167,168,168,170,171,171,172,173,174,174,174,177,177,177,178,178,181,181,181,181,181,182,183,183,184,186,187,188,188,190,191,191,192,194,194,194,194,194,195,197,199,201,202,203,203,203,204,206,206,209,209,210,210,212,212,213,215,215,218,219,220,225,228,228,228,228,229,229,230,230,231,231,232,235,235,237,238,238,238,239,240,240 
250, - 0 to 5,1,1,1,1,1,1,1,1,1,1,1,1,1,1,1,1,1,1,1,1,1,1,1,1,1,1,1,1,1,1,1,1,1,1,1,1,1,1,1,1,1,1,1,1,1,1,1,1,1,1,1,1,1,1,1,1,1,1,1,1,1,2,2,2,2,2,2,2,2,2,2,2,2,2,2,2,2,2,2,2,2,2,2,2,2,2,2,2,2,2,2,2,2,2,2,2,3,3,3,3,3,3,3,3,3,3,3,3,3,3,3,3,3,3,3,3,3,3,3,3,3,3,3,3,3,3,3,3,3,3,3,3,3,3,3,3,3,3,3,3,3,3,3,3,3,3,3,3,3,3,4,4,4,4,4,4,4,4,4,4,4,4,4,4,4,4,4,4,4,4,4,4,4,4,4,4,4,4,4,4,4,4,4,4,4,4,4,4,4,4,4,4,4,4,4,4,4,4,4,4,4,4,4,5,5,5,5,5,5,5,5,5,5,5,5,5,5,5,5,5,5,5,5,5,5,5,5,5,5,5,5,5,5,5,5,5,5,5,5,5,5,5,5,5,5,5,5,5,5,5 
 - 0 to 4000,8,12,16,22,24,26,53,68,93,94,124,131,151,152,153,200,256,286,300,338,355,360,390,428,431,449,464,544,547,557,606,612,629,629,654,683,692,699,703,708,731,824,824,832,834,843,855,859,891,898,903,906,910,911,911,919,947,951,1015,1017,1084,1089,1122,1141,1141,1141,1144,1147,1196,1196,1208,1229,1250,1251,1274,1275,1279,1315,1329,1338,1339,1401,1420,1471,1471,1475,1477,1482,1500,1508,1515,1531,1537,1601,1610,1616,1623,1655,1678,1680,1708,1750,1793,1794,1801,1803,1810,1810,1813,1837,1854,1869,1906,1910,1919,1925,1941,1974,2006,2028,2033,2061,2101,2112,2114,2119,2166,2190,2197,2225,2234,2236,2238,2289,2311,2333,2342,2360,2387,2428,2438,2443,2455,2471,2486,2490,2513,2515,2599,2605,2614,2623,2631,2658,2689,2703,2705,2706,2725,2736,2736,2786,2822,2834,2851,2858,2859,2867,2871,2904,2926,2927,2962,2974,2976,2977,2987,2998,3006,3044,3045,3072,3085,3090,3100,3101,3102,3108,3134,3144,3146,3150,3153,3160,3170,3211,3253,3269,3282,3286,3308,3335,3345,3351,3367,3367,3394,3418,3421,3429,3440,3448,3466,3470,3498,3523,3537,3549,3552,3553,3570,3579,3583,3594,3598,3605,3606,3621,3623,3623,3624,3641,3641,3646,3674,3708,3745,3753,3758,3776,3792,3836,3840,3883,3919,3937,3948,3954,3983,3999 
 - half sorted,0,1,2,3,4,5,6,7,8,9,10,11,12,13,14,15,16,17,18,19,20,21,22,23,24,25,26,27,28,29,30,31,32,33,34,35,36,37,38,39,40,41,42,43,44,45,46,47,48,49,50,51,52,53,54,55,56,57,58,59,60,61,62,63,64,65,66,67,68,69,70,71,72,73,74,75,76,77,78,79,80,81,82,83,84,85,86,87,88,89,90,91,92,93,94,95,96,97,98,99,100,101,102,103,104,105,106,107,108,109,110,111,112,113,114,115,116,117,118,119,120,121,122,123,124,125,126,127,128,129,130,131,132,133,134,135,136,137,138,139,140,141,142,143,144,145,146,147,148,149,150,151,152,153,154,155,156,157,158,159,160,161,162,163,164,165,166,167,168,169,170,171,172,173,174,175,176,177,178,179,180,181,182,183,184,185,186,187,188,189,190,191,192,193,194,195,196,197,198,199,200,201,202,203,204,205,206,207,208,209,210,211,212,213,214,215,216,217,218,219,220,221,222,223,224,225,226,227,228,229,230,231,232,233,234,235,236,237,238,239,240,241,242,243,244,245,246,247,248,249 
 - reversed,1,3,3,6,6,6,8,8,8,12,13,15,15,15,16,17,19,22,23,24,24,25,26,26,28,29,31,32,33,36,36,36,37,37,39,42,43,44,44,44,45,47,49,50,51,52,53,53,53,57,58,60,60,61,61,63,65,68,70,72,72,74,74,79,79,82,83,83,84,84,84,85,85,86,87,88,88,89,89,90,90,92,93,93,94,94,95,98,99,100,101,101,101,101,101,102,104,105,105,105,105,106,106,108,108,109,109,110,110,110,112,112,114,114,116,117,117,117,119,119,121,121,122,123,123,123,123,124,124,129,129,131,131,133,134,137,140,141,141,141,141,141,141,144,144,144,146,146,147,148,150,151,151,152,153,153,153,154,154,155,156,156,158,160,160,160,161,161,166,168,169,169,169,170,170,171,174,175,176,177,178,178,178,179,180,181,183,187,188,189,190,190,191,192,193,196,196,197,197,198,198,199,199,200,201,203,203,204,205,205,206,208,208,208,208,211,212,214,216,220,221,221,221,224,224,225,225,225,226,227,227,229,231,232,233,234,236,236,236,236,237,238,240,245,248,248,249,250,250,250 
260, - 0 to 5,1,1,1,1,1,1,1,1,1,1,1,1,1,1,1,1,1,1,1,1,1,1,1,1,1,1,1,1,1,1,1,1,1,1,1,1,1,1,1,1,1,1,1,1,1,1,1,1,1,1,1,1,1,1,1,1,1,1,1,1,1,1,1,2,2,2,2,2,2,2,2,2,2,2,2,2,2,2,2,2,2,2,2,2,2,2,2,2,2,2,2,2,2,2,2,2,2,2,2,2,3,3,3,3,3,3,3,3,3,3,3,3,3,3,3,3,3,3,3,3,3,3,3,3,3,3,3,3,3,3,3,3,3,3,3,3,3,3,3,3,3,3,3,3,3,3,3,3,3,3,3,3,3,3,3,3,3,4,4,4,4,4,4,4,4,4,4,4,4,4,4,4,4,4,4,4,4,4,4,4,4,4,4,4,4,4,4,4,4,4,4,4,4,4,4,4,4,4,4,4,4,4,4,4,4,4,4,4,4,4,4,5,5,5,5,5,5,5,5,5,5,5,5,5,5,5,5,5,5,5,5,5,5,5,5,5,5,5,5,5,5,5,5,5,5,5,5,5,5,5,5,5,5,5,5,5,5,5,5,5 
 - 0 to 4000,8,12,16,22,24,26,53,68,93,94,124,131,151,152,153,200,256,286,300,338,355,360,390,428,431,449,464,544,547,557,598,606,611,612,629,629,654,683,692,699,703,708,731,824,824,832,834,843,855,859,891,898,903,906,910,911,911,919,947,951,1015,1017,1084,1089,1111,1122,1141,1141,1141,1144,1147,1187,1196,1196,1208,1229,1250,1251,1274,1275,1279,1315,1329,1338,1339,1401,1420,1471,1471,1475,1477,1482,1500,1508,1515,1531,1537,1601,1610,1616,1623,1655,1678,1680,1708,1750,1793,1794,1801,1803,1810,1810,1810,1813,1837,1854,1869,1906,1910,1919,1925,1941,1974,2006,2028,2033,2061,2084,2101,2112,2114,2119,2166,2190,2197,2207,2225,2234,2236,2238,2289,2311,2333,2342,2360,2387,2428,2438,2443,2455,2471,2486,2490,2513,2515,2595,2599,2605,2614,2623,2631,2658,2689,2703,2705,2706,2725,2736,2736,2786,2822,2834,2851,2858,2859,2867,2871,2904,2926,2927,2962,2974,2976,2977,2987,2998,3006,3044,3045,3072,3085,3090,3100,3101,3102,3108,3134,3144,3146,3150,3153,3160,3170,3211,3253,3269,3282,3286,3288,3308,3335,3345,3351,3367,3367,3394,3408,3418,3421,3429,3440,3448,3466,3470,3498,3523,3537,3549,3552,3553,3570,3579,3583,3594,3598,3605,3606,3621,3623,3623,3624,3641,3641,3646,3674,3708,3745,3753,3758,3776,3792,3836,3840,3883,3919,3937,3948,3954,3983,3999 
 - half sorted,0,1,2,3,4,5,6,7,8,9,10,11,12,13,14,15,16,17,18,19,20,21,22,23,24,25,26,27,28,29,30,31,32,33,34,35,36,37,38,39,40,41,42,43,44,45,46,47,48,49,50,51,52,53,54,55,56,57,58,59,60,61,62,63,64,65,66,67,68,69,70,71,72,73,74,75,76,77,78,79,80,81,82,83,84,85,86,87,88,89,90,91,92,93,94,95,96,97,98,99,100,101,102,103,104,105,106,107,108,109,110,111,112,113,114,115,116,117,118,119,120,121,122,123,124,125,126,127,128,129,130,131,132,133,134,135,136,137,138,139,140,141,142,143,144,145,146,147,148,149,150,151,152,153,154,155,156,157,158,159,160,161,162,163,164,165,166,167,168,169,170,171,172,173,174,175,176,177,178,179,180,181,182,183,184,185,186,187,188,189,190,191,192,193,194,195,196,197,198,199,200,201,202,203,204,205,206,207,208,209,210,211,212,213,214,215,216,217,218,219,220,221,222,223,224,225,226,227,228,229,230,231,232,233,234,235,236,237,238,239,240,241,242,243,244,245,246,247,248,249,250,251,252,253,254,255,256,257,258,259 
 - reversed,2,5,5,5,6,6,7,8,9,9,10,11,11,11,12,13,14,15,16,17,17,17,18,19,19,23,23,23,24,25,26,27,27,29,29,30,30,32,33,34,35,36,38,40,41,43,43,44,46,46,47,48,48,49,50,50,51,51,53,53,53,54,54,55,58,60,61,61,62,63,64,64,65,66,66,66,67,70,70,71,71,73,74,74,76,76,78,81,81,83,83,84,85,85,86,86,87,88,90,90,90,92,94,94,95,97,97,99,100,100,101,102,104,104,104,105,105,108,111,111,115,117,117,118,120,120,123,124,126,126,126,128,129,129,129,131,131,135,136,138,138,139,139,141,142,143,143,144,145,146,147,147,148,149,150,151,152,152,152,152,153,154,154,158,160,160,161,161,163,163,166,167,167,168,168,168,169,169,170,170,171,171,171,171,173,173,173,175,175,175,176,178,179,179,179,180,181,181,182,182,183,184,186,188,188,188,190,191,191,193,194,196,199,203,207,208,208,210,211,211,211,212,214,215,216,216,217,218,218,218,221,224,226,229,230,232,233,234,234,234,235,237,238,239,240,240,241,241,242,242,244,248,254,254,255,256,256,258,259,259 
270, - 0 to 5,1,1,1,1,1,1,1,1,1,1,1,1,1,1,1,1,1,1,1,1,1,1,1,1,1,1,1,1,1,1,1,1,1,1,1,1,1,1,1,1,1,1,1,1,1,1,1,1,1,1,1,1,1,1,1,1,1,1,1,1,1,1,1,1,1,2,2,2,2,2,2,2,2,2,2,2,2,2,2,2,2,2,2,2,2,2,2,2,2,2,2,2,2,2,2,2,2,2,2,2,2,2,2,2,2,3,3,3,3,3,3,3,3,3,3,3,3,3,3,3,3,3,3,3,3,3,3,3,3,3,3,3,3,3,3,3,3,3,3,3,3,3,3,3,3,3,3,3,3,3,3,3,3,3,3,3,3,3,3,3,3,3,4,4,4,4,4,4,4,4,4,4,4,4,4,4,4,4,4,4,4,4,4,4,4,4,4,4,4,4,4,4,4,4,4,4,4,4,4,4,4,4,4,4,4,4,4,4,4,4,4,4,4,4,4,4,4,4,4,4,4,5,5,5,5,5,5,5,5,5,5,5,5,5,5,5,5,5,5,5,5,5,5,5,5,5,5,5,5,5,5,5,5,5,5,5,5,5,5,5,5,5,5,5,5,5,5,5,5,5 
 - 0 to 4000,8,12,16,22,24,26,53,67,68,93,94,124,131,151,152,153,200,256,286,300,338,355,360,390,428,431,449,464,544,547,557,598,606,611,612,629,629,654,683,692,699,703,708,731,824,824,832,834,843,855,859,891,898,903,906,910,911,911,919,947,951,1015,1017,1084,1089,1111,1122,1141,1141,1141,1144,1147,1187,1196,1196,1208,1229,1250,1251,1274,1275,1279,1315,1329,1338,1339,1401,1420,1464,1471,1471,1475,1477,1482,1500,1508,1515,1531,1537,1601,1610,1616,1623,1655,1678,1680,1708,1750,1793,1794,1801,1803,1810,1810,1810,1813,1837,1854,1869,1896,1906,1910,1919,1925,1941,1974,2006,2028,2033,2061,2084,2101,2112,2114,2119,2166,2190,2197,2207,2225,2234,2236,2238,2289,2311,2333,2342,2352,2360,2387,2428,2438,2443,2455,2471,2474,2486,2489,2490,2513,2515,2516,2595,2599,2605,2614,2623,2631,2658,2689,2703,2705,2706,2725,2736,2736,2786,2822,2834,2851,2854,2858,2859,2867,2871,2904,2926,2927,2962,2974,2976,2977,2987,2998,3006,3024,3044,3045,3072,3085,3090,3100,3101,3102,3108,3134,3144,3146,3150,3153,3160,3170,3197,3211,3253,3269,3282,3286,3288,3308,3335,3345,3351,3367,3367,3394,3408,3418,3421,3429,3440,3448,3466,3470,3498,3523,3537,3549,3552,3553,3570,3579,3583,3594,3598,3605,3606,3621,3623,3623,3624,3641,3641,3646,3674,3708,3745,3753,3758,3776,3792,3836,3840,3883,3919,3937,3948,3954,3983,3999 
 - half sorted,0,1,2,3,4,5,6,7,8,9,10,11,12,13,14,15,16,17,18,19,20,21,22,23,24,25,26,27,28,29,30,31,32,33,34,35,36,37,38,39,40,41,42,43,44,45,46,47,48,49,50,51,52,53,54,55,56,57,58,59,60,61,62,63,64,65,66,67,68,69,70,71,72,73,74,75,76,77,78,79,80,81,82,83,84,85,86,87,88,89,90,91,92,93,94,95,96,97,98,99,100,101,102,103,104,105,106,107,108,109,110,111,112,113,114,115,116,117,118,119,120,121,122,123,124,125,126,127,128,129,130,131,132,133,134,135,136,137,138,139,140,141,142,143,144,145,146,147,148,149,150,151,152,153,154,155,156,157,158,159,160,161,162,163,164,165,166,167,168,169,170,171,172,173,174,175,176,177,178,179,180,181,182,183,184,185,186,187,188,189,190,191,192,193,194,195,196,197,198,199,200,201,202,203,204,205,206,207,208,209,210,211,212,213,214,215,216,217,218,219,220,221,222,223,224,225,226,227,228,229,230,231,232,233,234,235,236,237,238,239,240,241,242,243,244,245,246,247,248,249,250,251,252,253,254,255,256,257,258,259,260,261,262,263,264,265,266,267,268,269 
 - reversed,1,2,2,3,6,7,11,12,12,13,14,14,15,16,18,18,19,20,20,21,25,26,27,28,29,29,29,29,30,31,31,31,31,31,32,33,34,34,35,35,36,37,39,40,40,42,45,47,49,49,50,51,51,51,52,52,53,53,55,57,58,59,60,61,61,62,62,63,64,64,65,66,67,70,74,74,74,74,74,76,76,77,78,79,80,82,83,83,84,84,84,85,86,86,86,87,88,88,88,89,90,93,99,100,100,101,105,106,108,108,109,109,109,110,111,111,113,113,113,113,113,116,118,119,120,120,121,121,123,123,125,125,126,126,126,126,128,134,136,138,138,141,142,143,144,144,146,147,148,148,148,149,150,150,151,151,154,158,158,159,159,160,161,161,164,166,166,166,167,168,168,169,170,170,171,171,171,173,174,176,177,177,177,179,180,181,182,183,186,186,186,187,187,191,191,192,194,195,196,197,198,199,200,200,201,203,203,203,204,204,206,207,208,208,208,210,211,212,213,213,214,214,214,215,215,218,224,224,225,225,225,226,229,229,230,234,234,235,235,235,237,238,239,241,241,242,242,243,244,244,247,248,248,251,251,254,255,256,257,257,260,262,263,263,264,265,266,267,268,270 
280, - 0 to 5,1,1,1,1,1,1,1,1,1,1,1,1,1,1,1,1,1,1,1,1,1,1,1,1,1,1,1,1,1,1,1,1,1,1,1,1,1,1,1,1,1,1,1,1,1,1,1,1,1,1,1,1,1,1,1,1,1,1,1,1,1,1,1,1,1,1,1,2,2,2,2,2,2,2,2,2,2,2,2,2,2,2,2,2,2,2,2,2,2,2,2,2,2,2,2,2,2,2,2,2,2,2,2,2,2,2,2,2,3,3,3,3,3,3,3,3,3,3,3,3,3,3,3,3,3,3,3,3,3,3,3,3,3,3,3,3,3,3,3,3,3,3,3,3,3,3,3,3,3,3,3,3,3,3,3,3,3,3,3,3,3,3,3,3,3,3,4,4,4,4,4,4,4,4,4,4,4,4,4,4,4,4,4,4,4,4,4,4,4,4,4,4,4,4,4,4,4,4,4,4,4,4,4,4,4,4,4,4,4,4,4,4,4,4,4,4,4,4,4,4,4,4,4,4,4,4,4,4,5,5,5,5,5,5,5,5,5,5,5,5,5,5,5,5,5,5,5,5,5,5,5,5,5,5,5,5,5,5,5,5,5,5,5,5,5,5,5,5,5,5,5,5,5,5,5,5,5,5,5,5 
 - 0 to 4000,8,12,16,22,24,26,53,67,68,93,94,124,131,151,152,153,200,256,285,286,300,338,355,360,390,428,431,449,464,544,547,557,598,606,611,612,629,629,654,670,683,692,699,703,708,731,824,824,832,834,843,855,859,891,898,903,906,906,910,911,911,919,947,951,1015,1017,1084,1089,1111,1122,1124,1141,1141,1141,1144,1147,1187,1196,1196,1208,1229,1250,1251,1257,1274,1275,1279,1315,1329,1338,1339,1401,1420,1464,1471,1471,1475,1477,1482,1500,1508,1515,1526,1531,1537,1584,1601,1610,1616,1623,1655,1678,1680,1708,1750,1793,1794,1801,1803,1810,1810,1810,1813,1837,1854,1869,1896,1906,1910,1919,1925,1941,1974,2006,2028,2033,2061,2084,2101,2112,2114,2119,2166,2190,2197,2207,2225,2234,2236,2238,2289,2311,2333,2342,2352,2360,2387,2428,2438,2443,2455,2471,2474,2486,2489,2490,2513,2515,2516,2595,2599,2605,2614,2623,2631,2658,2689,2703,2705,2706,2725,2736,2736,2786,2822,2834,2851,2854,2858,2859,2867,2871,2904,2909,2926,2927,2962,2974,2976,2977,2987,2998,3006,3024,3044,3045,3072,3085,3090,3100,3101,3102,3108,3134,3144,3146,3150,3153,3160,3170,3197,3211,3253,3269,3282,3286,3288,3308,3335,3345,3351,3367,3367,3394,3408,3418,3421,3429,3440,3448,3466,3470,3498,3523,3537,3549,3552,3553,3570,3579,3583,3588,3594,3598,3605,3606,3621,3623,3623,3624,3641,3641,3646,3674,3708,3745,3753,3758,3776,3792,3836,3840,3883,3900,3919,3937,3948,3954,3983,3999 
 - half sorted,0,1,2,3,4,5,6,7,8,9,10,11,12,13,14,15,16,17,18,19,20,21,22,23,24,25,26,27,28,29,30,31,32,33,34,35,36,37,38,39,40,41,42,43,44,45,46,47,48,49,50,51,52,53,54,55,56,57,58,59,60,61,62,63,64,65,66,67,68,69,70,71,72,73,74,75,76,77,78,79,80,81,82,83,84,85,86,87,88,89,90,91,92,93,94,95,96,97,98,99,100,101,102,103,104,105,106,107,108,109,110,111,112,113,114,115,116,117,118,119,120,121,122,123,124,125,126,127,128,129,130,131,132,133,134,135,136,137,138,139,140,141,142,143,144,145,146,147,148,149,150,151,152,153,154,155,156,157,158,159,160,161,162,163,164,165,166,167,168,169,170,171,172,173,174,175,176,177,178,179,180,181,182,183,184,185,186,187,188,189,190,191,192,193,194,195,196,197,198,199,200,201,202,203,204,205,206,207,208,209,210,211,212,213,214,215,216,217,218,219,220,221,222,223,224,225,226,227,228,229,230,231,232,233,234,235,236,237,238,239,240,241,242,243,244,245,246,247,248,249,250,251,252,253,254,255,256,257,258,259,260,261,262,263,264,265,266,267,268,269,270,271,272,273,274,275,276,277,278,279 
 - reversed,4,5,5,7,9,10,11,15,15,16,17,17,18,19,20,21,21,21,22,24,25,26,27,28,28,29,29,31,32,32,33,33,34,34,35,36,43,47,48,48,52,54,54,56,58,58,60,63,64,64,64,67,67,68,70,70,73,74,74,75,75,75,77,79,79,80,82,82,83,85,86,88,89,89,90,90,90,90,92,93,94,94,96,96,97,98,101,102,103,104,104,104,105,106,106,106,110,111,111,111,112,116,119,119,119,120,121,121,122,123,126,130,130,131,131,133,133,134,135,137,137,138,139,139,141,143,143,143,144,145,146,148,148,148,148,149,149,150,150,151,151,151,152,152,154,155,156,156,157,158,158,160,160,160,161,163,164,164,165,165,166,166,168,169,171,171,171,173,174,174,176,176,177,178,180,182,184,184,187,188,188,188,189,189,190,191,193,194,195,197,199,199,200,202,203,203,205,206,206,206,207,210,210,211,212,213,214,215,216,218,219,220,220,221,221,221,223,223,224,224,225,226,226,227,227,227,227,229,230,231,231,231,233,234,236,237,238,238,241,241,244,244,245,246,246,246,246,247,248,249,249,251,255,256,259,261,262,263,263,266,268,268,269,270,271,271,272,272,273,273,274,274,274,274,275,277,278,278,278,280 
290, - 0 to 5,1,1,1,1,1,1,1,1,1,1,1,1,1,1,1,1,1,1,1,1,1,1,1,1,1,1,1,1,1,1,1,1,1,1,1,1,1,1,1,1,1,1,1,1,1,1,1,1,1,1,1,1,1,1,1,1,1,1,1,1,1,1,1,1,1,1,1,1,1,2,2,2,2,2,2,2,2,2,2,2,2,2,2,2,2,2,2,2,2,2,2,2,2,2,2,2,2,2,2,2,2,2,2,2,2,2,2,2,2,2,2,2,2,3,3,3,3,3,3,3,3,3,3,3,3,3,3,3,3,3,3,3,3,3,3,3,3,3,3,3,3,3,3,3,3,3,3,3,3,3,3,3,3,3,3,3,3,3,3,3,3,3,3,3,3,3,3,3,3,3,3,3,4,4,4,4,4,4,4,4,4,4,4,4,4,4,4,4,4,4,4,4,4,4,4,4,4,4,4,4,4,4,4,4,4,4,4,4,4,4,4,4,4,4,4,4,4,4,4,4,4,4,4,4,4,4,4,4,4,4,4,4,4,4,4,4,4,5,5,5,5,5,5,5,5,5,5,5,5,5,5,5,5,5,5,5,5,5,5,5,5,5,5,5,5,5,5,5,5,5,5,5,5,5,5,5,5,5,5,5,5,5,5,5,5,5,5,5,5,5 
 - 0 to 4000,8,11,12,16,22,24,26,53,67,68,93,94,124,131,151,152,153,200,256,285,286,300,338,355,360,390,428,431,449,464,544,547,557,563,598,606,611,612,629,629,642,654,664,670,683,692,699,703,708,731,824,824,832,834,843,855,859,891,898,903,906,906,910,911,911,919,945,947,951,1015,1017,1084,1089,1111,1122,1124,1141,1141,1141,1144,1147,1187,1196,1196,1208,1229,1250,1251,1257,1274,1275,1279,1315,1329,1338,1339,1401,1420,1464,1471,1471,1471,1475,1477,1482,1500,1508,1515,1526,1531,1537,1584,1601,1610,1616,1623,1655,1678,1680,1708,1742,1750,1793,1794,1801,1803,1810,1810,1810,1813,1837,1854,1869,1896,1906,1910,1919,1925,1941,1974,2006,2028,2033,2061,2084,2101,2112,2114,2119,2166,2190,2197,2207,2225,2234,2236,2238,2289,2311,2333,2342,2352,2360,2387,2428,2438,2443,2455,2471,2474,2486,2489,2490,2513,2515,2516,2595,2599,2605,2614,2623,2631,2658,2689,2703,2705,2706,2725,2736,2736,2786,2822,2834,2851,2854,2858,2859,2859,2867,2871,2904,2909,2926,2927,2962,2974,2976,2977,2987,2998,3006,3024,3044,3045,3072,3085,3090,3100,3101,3102,3108,3134,3144,3146,3150,3153,3160,3170,3197,3211,3253,3269,3282,3286,3288,3308,3335,3345,3347,3351,3367,3367,3394,3408,3418,3421,3429,3439,3440,3448,3466,3470,3498,3523,3537,3549,3552,3553,3570,3579,3583,3588,3594,3598,3605,3606,3621,3623,3623,3624,3641,3641,3646,3674,3708,3745,3753,3758,3776,3792,3836,3840,3883,3900,3919,3937,3948,3954,3983,3999 
 - half sorted,0,1,2,3,4,5,6,7,8,9,10,11,12,13,14,15,16,17,18,19,20,21,22,23,24,25,26,27,28,29,30,31,32,33,34,35,36,37,38,39,40,41,42,43,44,45,46,47,48,49,50,51,52,53,54,55,56,57,58,59,60,61,62,63,64,65,66,67,68,69,70,71,72,73,74,75,76,77,78,79,80,81,82,83,84,85,86,87,88,89,90,91,92,93,94,95,96,97,98,99,100,101,102,103,104,105,106,107,108,109,110,111,112,113,114,115,116,117,118,119,120,121,122,123,124,125,126,127,128,129,130,131,132,133,134,135,136,137,138,139,140,141,142,143,144,145,146,147,148,149,150,151,152,153,154,155,156,157,158,159,160,161,162,163,164,165,166,167,168,169,170,171,172,173,174,175,176,177,178,179,180,181,182,183,184,185,186,187,188,189,190,191,192,193,194,195,196,197,198,199,200,201,202,203,204,205,206,207,208,209,210,211,212,213,214,215,216,217,218,219,220,221,222,223,224,225,226,227,228,229,230,231,232,233,234,235,236,237,238,239,240,241,242,243,244,245,246,247,248,249,250,251,252,253,254,255,256,257,258,259,260,261,262,263,264,265,266,267,268,269,270,271,272,273,274,275,276,277,278,279,280,281,282,283,284,285,286,287,288,289 
 - reversed,4,4,5,6,7,8,11,11,11,14,14,14,15,16,16,16,17,18,21,21,21,22,22,22,23,25,26,27,28,29,30,31,32,32,36,38,40,40,41,44,44,44,46,46,47,49,50,51,52,52,53,55,55,56,58,61,61,62,62,64,66,67,67,69,70,70,70,71,72,74,74,75,75,75,76,78,78,79,82,82,83,83,83,84,85,86,86,90,90,90,91,93,93,96,98,98,100,103,106,108,112,113,114,114,114,115,118,118,119,120,121,122,123,124,124,126,126,128,130,130,130,131,131,131,132,134,135,135,137,137,137,138,139,139,140,141,141,143,144,144,145,145,146,146,147,147,149,149,149,149,149,150,151,153,155,156,157,158,158,159,161,164,164,165,167,169,170,173,173,173,174,176,176,180,180,180,180,181,181,181,181,184,184,186,186,189,189,189,190,190,191,192,192,193,194,196,197,201,201,201,202,203,203,203,204,206,206,208,208,208,208,209,211,218,218,218,219,219,220,222,223,223,224,224,225,228,229,229,229,230,232,233,234,235,237,237,238,239,241,241,243,244,244,244,246,247,248,248,251,251,253,254,255,256,257,257,257,261,263,264,265,265,265,266,266,267,268,270,270,271,271,273,277,278,279,283,283,284,284,285,285,286,287,287,288,288,289,289,289,290 
300, - 0 to 5,1,1,1,1,1,1,1,1,1,1,1,1,1,1,1,1,1,1,1,1,1,1,1,1,1,1,1,1,1,1,1,1,1,1,1,1,1,1,1,1,1,1,1,1,1,1,1,1,1,1,1,1,1,1,1,1,1,1,1,1,1,1,1,1,1,1,1,1,1,1,1,1,2,2,2,2,2,2,2,2,2,2,2,2,2,2,2,2,2,2,2,2,2,2,2,2,2,2,2,2,2,2,2,2,2,2,2,2,2,2,2,2,2,2,2,2,2,2,2,2,3,3,3,3,3,3,3,3,3,3,3,3,3,3,3,3,3,3,3,3,3,3,3,3,3,3,3,3,3,3,3,3,3,3,3,3,3,3,3,3,3,3,3,3,3,3,3,3,3,3,3,3,3,3,3,3,3,3,3,3,3,4,4,4,4,4,4,4,4,4,4,4,4,4,4,4,4,4,4,4,4,4,4,4,4,4,4,4,4,4,4,4,4,4,4,4,4,4,4,4,4,4,4,4,4,4,4,4,4,4,4,4,4,4,4,4,4,4,4,4,4,4,4,4,4,4,4,5,5,5,5,5,5,5,5,5,5,5,5,5,5,5,5,5,5,5,5,5,5,5,5,5,5,5,5,5,5,5,5,5,5,5,5,5,5,5,5,5,5,5,5,5,5,5,5,5,5,5,5,5 
 - 0 to 4000,8,11,12,16,22,24,26,53,67,68,93,94,124,131,151,152,153,200,256,282,285,286,300,338,355,360,390,428,431,449,464,544,547,553,557,563,592,598,606,611,612,629,629,642,654,664,670,683,692,699,703,708,731,824,824,832,834,843,855,859,891,898,903,906,906,910,911,911,919,945,947,951,1015,1017,1084,1089,1111,1122,1124,1141,1141,1141,1144,1147,1187,1196,1196,1208,1229,1250,1251,1257,1274,1275,1279,1315,1329,1338,1339,1401,1420,1464,1471,1471,1471,1475,1477,1482,1500,1508,1515,1526,1531,1537,1584,1601,1610,1616,1623,1655,1678,1680,1708,1742,1750,1793,1794,1801,1803,1810,1810,1810,1813,1837,1854,1869,1896,1906,1910,1919,1925,1941,1974,2006,2028,2033,2061,2084,2101,2112,2114,2119,2166,2190,2197,2207,2225,2234,2236,2238,2289,2311,2333,2342,2352,2360,2387,2428,2438,2443,2455,2471,2474,2486,2489,2490,2513,2515,2516,2591,2595,2597,2599,2605,2614,2623,2631,2658,2689,2703,2705,2706,2725,2736,2736,2754,2786,2822,2834,2851,2854,2858,2859,2859,2867,2871,2904,2909,2911,2926,2927,2962,2974,2976,2977,2987,2998,3006,3024,3044,3045,3063,3072,3085,3086,3090,3100,3101,3102,3108,3134,3144,3146,3150,3153,3160,3170,3197,3211,3253,3269,3282,3286,3288,3308,3335,3345,3347,3351,3367,3367,3394,3408,3418,3421,3429,3439,3440,3448,3466,3470,3498,3523,3537,3549,3552,3553,3570,3579,3583,3588,3594,3598,3605,3606,3621,3623,3623,3624,3641,3641,3646,3674,3708,3745,3753,3758,3776,3792,3792,3836,3840,3883,3900,3919,3937,3948,3954,3983,3999 
 - half sorted,0,1,2,3,4,5,6,7,8,9,10,11,12,13,14,15,16,17,18,19,20,21,22,23,24,25,26,27,28,29,30,31,32,33,34,35,36,37,38,39,40,41,42,43,44,45,46,47,48,49,50,51,52,53,54,55,56,57,58,59,60,61,62,63,64,65,66,67,68,69,70,71,72,73,74,75,76,77,78,79,80,81,82,83,84,85,86,87,88,89,90,91,92,93,94,95,96,97,98,99,100,101,102,103,104,105,106,107,108,109,110,111,112,113,114,115,116,117,118,119,120,121,122,123,124,125,126,127,128,129,130,131,132,133,134,135,136,137,138,139,140,141,142,143,144,145,146,147,148,149,150,151,152,153,154,155,156,157,158,159,160,161,162,163,164,165,166,167,168,169,170,171,172,173,174,175,176,177,178,179,180,181,182,183,184,185,186,187,188,189,190,191,192,193,194,195,196,197,198,199,200,201,202,203,204,205,206,207,208,209,210,211,212,213,214,215,216,217,218,219,220,221,222,223,224,225,226,227,228,229,230,231,232,233,234,235,236,237,238,239,240,241,242,243,244,245,246,247,248,249,250,251,252,253,254,255,256,257,258,259,260,261,262,263,264,265,266,267,268,269,270,271,272,273,274,275,276,277,278,279,280,281,282,283,284,285,286,287,288,289,290,291,292,293,294,295,296,297,298,299 
 - reversed,1,1,1,2,3,3,3,5,5,6,6,8,8,10,10,11,11,11,14,15,15,16,16,18,19,20,22,22,23,23,24,24,24,24,25,26,28,28,29,31,32,33,34,36,37,38,41,42,44,45,45,45,46,47,48,48,49,49,51,51,51,52,53,53,53,53,54,55,57,58,58,59,60,60,62,63,64,64,66,67,67,71,74,74,74,76,76,77,79,80,82,83,83,83,85,86,86,87,89,89,92,92,94,96,96,96,97,100,100,101,106,107,108,108,108,108,110,110,110,111,112,113,113,114,115,117,119,119,121,121,123,123,124,124,126,128,129,131,131,134,134,135,136,136,137,138,141,143,143,144,144,145,147,147,150,150,151,152,153,153,153,154,154,155,155,156,158,159,160,164,167,168,169,170,170,171,171,174,175,177,182,183,184,184,185,187,187,189,190,191,192,192,194,194,194,199,200,200,201,203,204,205,206,206,206,206,206,208,208,208,209,210,211,211,211,211,212,212,215,216,219,222,223,224,225,225,226,227,229,229,229,231,231,233,234,236,237,237,238,238,239,239,240,240,241,241,241,241,242,242,244,246,247,250,251,252,254,254,255,257,259,261,263,266,267,269,270,270,271,271,272,274,275,278,279,282,284,286,286,286,288,288,289,290,290,290,291,293,293,295,297,297,298,298,298,298,298,299,299,300 
